"ID","goal_type","model","parameter1","parameter2","NLL"
"13662","clear","sal_prag",-0.133107594760284,0.462821160198919,47.8245555994356
"13662","clear","literal",40.0692438534366,NA,32.0740318372154
"13662","clear","pragmatic",0.635802222270889,0.971687207398541,49.9731944394581
"13662","cover","sal_prag",1.02740242317038,0.902690653175122,80.4454220961667
"13662","cover","literal",40.0692438534366,NA,218.917099775155
"13662","cover","pragmatic",1.02028853228157,0.131199292732984,96.1603180882897
"13662","fill","sal_prag",0.698271807625302,0.807119546827318,83.2772963579195
"13662","fill","literal",40.0692438534366,NA,52.9331180853932
"13662","fill","pragmatic",1.16213163322533,37.860944370779,75.1123199385288
"13662","move","sal_prag",-0.192781565135616,0.513753827956687,97.7361171977472
"13662","move","literal",40.0692438534366,NA,413.476710392639
"13662","move","pragmatic",0.26203241313108,0.222013264865432,100.25362141314
"13662","uncover","sal_prag",0.452371206047731,0.669870760221203,66.3676166934877
"13662","uncover","literal",40.0692438534366,NA,39.8951978016531
"13662","uncover","pragmatic",0.732154354938454,0.77217735883881,67.9255669392287
"13861","clear","sal_prag",1.06559717038625,0.772793989223347,56.9293462533857
"13861","clear","literal",39.6211954982706,NA,40.3871150560304
"13861","clear","pragmatic",0.246089036769892,0.791102406741938,60.8305123002856
"13861","cover","sal_prag",1.54604160700901,1.56792877431287,46.7894949709785
"13861","cover","literal",39.6211954982706,NA,36.5401107969591
"13861","cover","pragmatic",0.555264265294136,0.46944691311809,56.2385688189723
"13861","fill","sal_prag",0.923212851411074,1.4629868984601,69.418040120816
"13861","fill","literal",39.6211954982706,NA,44.469209507707
"13861","fill","pragmatic",0.69263478509602,78.693894651216,60.1822127094375
"13861","move","sal_prag",0.205488570553948,0.541534226722316,97.498862178389
"13861","move","literal",39.6211954982706,NA,100.673156565868
"13861","move","pragmatic",0.601967217108005,11.310253382923,98.5806573596111
"13861","uncover","sal_prag",1.33930025118543,0.935704722629495,41.8946849907056
"13861","uncover","literal",39.6211954982706,NA,67.1625638402847
"13861","uncover","pragmatic",0.86210035623905,0.685623945248104,51.0234284747519
"14189","clear","sal_prag",1.0705832261918,0.977768236131939,52.4316225560884
"14189","clear","literal",38.1663887327529,NA,35.4989457454949
"14189","clear","pragmatic",0.831220389692354,0.201437128096776,56.0412933119387
"14189","cover","sal_prag",0.768176166182193,0.65439882507687,55.624506297382
"14189","cover","literal",38.1663887327529,NA,41.3519164746957
"14189","cover","pragmatic",0.0582171343130806,0.277100055067224,60.4451958832713
"14189","fill","sal_prag",0.00903632580694953,0.453629288517727,75.4960998946071
"14189","fill","literal",38.1663887327529,NA,47.3823847546207
"14189","fill","pragmatic",0.966038498337448,0.491148291691554,77.1320598990218
"14189","move","sal_prag",1.33352279942836,1.18842786986516,47.3304647988962
"14189","move","literal",38.1663887327529,NA,25.6716473313163
"14189","move","pragmatic",0.203044680248028,0.155134372818167,56.2564932834489
"14189","uncover","sal_prag",1.36691460526207,1.96712298414363,68.3853097317402
"14189","uncover","literal",38.1663887327529,NA,81.7772505438861
"14189","uncover","pragmatic",0.100094992052525,0.0252739691524782,84.6376631590775
"16229","clear","sal_prag",2.08481284504372,1.47023689817778,60.7716170223879
"16229","clear","literal",2.15074062471152,NA,57.8181941886589
"16229","clear","pragmatic",0.113479730126306,0.690948108548926,66.7489962048016
"16229","cover","sal_prag",1.31842634895076,0.713180897697586,28.7587223173088
"16229","cover","literal",2.15074062471152,NA,35.7421064124049
"16229","cover","pragmatic",0.802609868127238,0.432640416830488,50.596397112167
"16229","fill","sal_prag",1.26513237448096,1.20945911702805,67.4320562411868
"16229","fill","literal",2.15074062471152,NA,57.690422146893
"16229","fill","pragmatic",0.842765794458908,0.167414697156319,81.6681060102174
"16229","move","sal_prag",1.43026234030721,1.17155971386396,47.1264132777649
"16229","move","literal",2.15074062471152,NA,38.4690114948599
"16229","move","pragmatic",2.37870766705942,13.8970781372882,50.6943740283042
"16229","uncover","sal_prag",1.19029219349119,1.12809056483483,61.9873227101262
"16229","uncover","literal",2.15074062471152,NA,50.3807774809146
"16229","uncover","pragmatic",0.319177143316192,0.00543459311967609,74.0059264327353
"18558","clear","sal_prag",2.66589691632841,3.29191356473363,61.1491770360331
"18558","clear","literal",39.9312125659754,NA,43.1892317661717
"18558","clear","pragmatic",0.69698923444951,0.536181536230096,66.1565102466303
"18558","cover","sal_prag",-36.5683142853077,198.17997700954,100.864664989405
"18558","cover","literal",39.9312125659754,NA,552.914451451767
"18558","cover","pragmatic",0.191807585460255,0.237688561760427,106.465805609876
"18558","fill","sal_prag",0.324921773691394,0.580640712009516,64.3071438180314
"18558","fill","literal",39.9312125659754,NA,41.5332394046395
"18558","fill","pragmatic",0.199880042082835,0.815928619609462,65.8168880489875
"18558","move","sal_prag",1.14685397438645,1.53309242566806,80.7934696172184
"18558","move","literal",39.9312125659754,NA,125.517913342741
"18558","move","pragmatic",1.46450331852205,18.8535990601221,82.4700539952805
"18558","uncover","sal_prag",2.18562329071959,1.61977679322861,131.660071510353
"18558","uncover","literal",39.9312125659754,NA,768.073140421638
"18558","uncover","pragmatic",0.316506674682922,0.388610089980989,135.501128555655
"19487","clear","sal_prag",-1.66684210303016,-0.365447542542996,27.6886464068452
"19487","clear","literal",47.8649667171058,NA,19.4263550369612
"19487","clear","pragmatic",4.05729070322466,6.55822087970235,29.7554580676159
"19487","cover","sal_prag",0.746310357248678,0.746546578583048,88.6646788033568
"19487","cover","literal",47.8649667171058,NA,198.84040934235
"19487","cover","pragmatic",0.616588636935781,0.310759109767271,95.6578575718686
"19487","fill","sal_prag",0.107707920520022,0.620520055774299,119.14552666022
"19487","fill","literal",47.8649667171058,NA,76.9878927327206
"19487","fill","pragmatic",0.542348188553239,0.201221443765823,121.657995320316
"19487","move","sal_prag",1.02208614698084,1.37951742844028,82.6109983027328
"19487","move","literal",47.8649667171058,NA,100.866041751078
"19487","move","pragmatic",0.175804963657996,0.806960450658307,88.5619374749903
"19487","uncover","sal_prag",-0.310706852798218,1.72440273787112,53.5418060804748
"19487","uncover","literal",47.8649667171058,NA,31.2347021464774
"19487","uncover","pragmatic",0.636437488856989,0.895552427186269,56.2678200414567
"19737","clear","sal_prag",1.55605612643434,1.77185905285036,69.9428381069886
"19737","clear","literal",53.0770695696934,NA,48.4467271381994
"19737","clear","pragmatic",0.832785365147485,0.25884678978419,72.9654503821718
"19737","cover","sal_prag",1.12584976240584,1.13796352127066,54.5020842471101
"19737","cover","literal",53.0770695696934,NA,37.0896687953625
"19737","cover","pragmatic",0.695004853423953,0.908341662401108,61.5705833146804
"19737","fill","sal_prag",0.502459715991705,0.743115818687325,85.4417269519562
"19737","fill","literal",53.0770695696934,NA,55.0373026314597
"19737","fill","pragmatic",0.0951823822843629,0.69308706996303,87.8416134060265
"19737","move","sal_prag",1.22926724832159,0.904894947045703,70.9249438768679
"19737","move","literal",53.0770695696934,NA,98.7597674103034
"19737","move","pragmatic",0.490769022395112,0.658140923726212,78.6555754720266
"19737","uncover","sal_prag",-0.530969529371253,2.55748972102003,61.1052701260902
"19737","uncover","literal",53.0770695696934,NA,143.028085239383
"19737","uncover","pragmatic",0.550782090939293,0.975876535709839,67.68780362692
"20272","clear","sal_prag",-2.28131717963119,-0.417436964660588,31.1485102743786
"20272","clear","literal",42.8634684923247,NA,24.7370949235078
"20272","clear","pragmatic",0.739315233869648,0.633442193990667,39.6687397066792
"20272","cover","sal_prag",0.833250985519774,0.811255878290283,43.4649706987293
"20272","cover","literal",42.8634684923247,NA,26.401130745543
"20272","cover","pragmatic",0.795156069957242,0.427560493379681,44.9513988642322
"20272","fill","sal_prag",0.558291897837702,0.837580019998323,108.261149722301
"20272","fill","literal",42.8634684923247,NA,155.702315703764
"20272","fill","pragmatic",0.609440412030377,0.293002897474836,111.251672889822
"20272","move","sal_prag",1.35076995096238,1.22601263872002,48.3703572485503
"20272","move","literal",42.8634684923247,NA,64.4699426387192
"20272","move","pragmatic",1.8401458039168,5.13204856876751,53.7649968086927
"20272","uncover","sal_prag",1.34550858487039,1.07435998404232,44.4708388617418
"20272","uncover","literal",42.8634684923247,NA,29.9289232610182
"20272","uncover","pragmatic",0.48574613151267,0.64083089085476,56.9702227490578
"20340","clear","sal_prag",-0.380404268113277,1.48789881761607,51.4197708488789
"20340","clear","literal",40.4328319170571,NA,36.5625475009269
"20340","clear","pragmatic",1.65196065617197,45.73732994863,51.4523837424815
"20340","cover","sal_prag",0.678117599971386,0.571756098465784,46.3437921819824
"20340","cover","literal",40.4328319170571,NA,28.2296199026116
"20340","cover","pragmatic",0.971623653227389,0.567446459151497,49.832085305452
"20340","fill","sal_prag",0.88617202556011,1.04227621529589,84.0464248828918
"20340","fill","literal",40.4328319170571,NA,56.438389245621
"20340","fill","pragmatic",0.842805034592189,0.341668605830913,88.9095595293748
"20340","move","sal_prag",1.35564372983796,0.893768920046655,50.1374027183006
"20340","move","literal",40.4328319170571,NA,35.1557603679499
"20340","move","pragmatic",0.683312752835772,0.624684880600544,56.0423395975317
"20340","uncover","sal_prag",7.16272292244897,11.5934897059876,49.6877377998501
"20340","uncover","literal",40.4328319170571,NA,29.8721243119748
"20340","uncover","pragmatic",1.00769391474712,0.476876250975176,56.9032177763666
"22765","clear","sal_prag",1.21586963770218,1.15769530616944,67.3913118914319
"22765","clear","literal",44.6675214185982,NA,45.8972819672739
"22765","clear","pragmatic",0.575823101509521,0.897421770502441,72.7633832832507
"22765","cover","sal_prag",2.20751044045826,2.03338445282505,86.9761002444777
"22765","cover","literal",44.6675214185982,NA,551.40604157817
"22765","cover","pragmatic",0.723554223706256,0.215393704181774,89.5671366035717
"22765","fill","sal_prag",0.726507856976619,0.802949426532502,89.7245543723625
"22765","fill","literal",44.6675214185982,NA,59.102476816382
"22765","fill","pragmatic",0.575499769378692,0.307773943589094,94.0692985588551
"22765","move","sal_prag",-0.117819087406473,0.299489763933308,110.273819162466
"22765","move","literal",44.6675214185982,NA,418.522319751697
"22765","move","pragmatic",0.119030497412722,0.874906900446789,112.585908935909
"22765","uncover","sal_prag",0.241625121340605,-0.0963040844882967,321.819693480953
"22765","uncover","literal",44.6675214185982,NA,2666.0351712228
"22765","uncover","pragmatic",0.240123427029347,0.0681390236819831,326.549964479123
"24954","clear","sal_prag",0.974052895845966,1.02321013380554,59.1464844569471
"24954","clear","literal",48.31003857393,NA,38.9309147858238
"24954","clear","pragmatic",0.141634890069653,0.89526959554956,61.3498062583366
"24954","cover","sal_prag",1.63112121589454,1.65536895061057,32.8161467615901
"24954","cover","literal",48.31003857393,NA,23.1814332628632
"24954","cover","pragmatic",0.935955940517823,0.20519784801548,39.0376433951298
"24954","fill","sal_prag",1.06697063457624,1.402799767366,88.600459612195
"24954","fill","literal",48.31003857393,NA,56.6750535556821
"24954","fill","pragmatic",0.927426173509545,0.803945722503353,92.5760282463062
"24954","move","sal_prag",1.00009099773337,1.62374819826404,82.2204918279719
"24954","move","literal",48.31003857393,NA,53.479167083696
"24954","move","pragmatic",0.672765090347417,0.600373940696343,89.76256119395
"24954","uncover","sal_prag",2.71014904188843,3.18591095644242,39.6308086881504
"24954","uncover","literal",48.31003857393,NA,26.381543369178
"24954","uncover","pragmatic",0.676847573338966,0.207154271954327,51.2032699411576
"26027","clear","sal_prag",-1.17479562808467,-0.256767892365915,52.922332187076
"26027","clear","literal",41.0608347746622,NA,36.597558034163
"26027","clear","pragmatic",0.65064445152843,0.538155718849285,56.007448523742
"26027","cover","sal_prag",1.10528357381982,1.56722877118001,71.4038349419925
"26027","cover","literal",41.0608347746622,NA,55.9825352546959
"26027","cover","pragmatic",0.784705392410293,0.0252248677047776,89.3828431650252
"26027","fill","sal_prag",0.403814586464605,0.683862875184068,80.4180469021618
"26027","fill","literal",41.0608347746622,NA,51.7476446714073
"26027","fill","pragmatic",0.711730196651351,0.887332707145586,82.2091649462822
"26027","move","sal_prag",1.10816846903458,1.055529865565,70.2346827882237
"26027","move","literal",41.0608347746622,NA,45.0964363383821
"26027","move","pragmatic",0.723885572260253,0.945254406930687,72.4881361314711
"26027","uncover","sal_prag",0.848095742687775,1.50205849645817,95.5582347437117
"26027","uncover","literal",41.0608347746622,NA,100.620948888393
"26027","uncover","pragmatic",0.735825532737952,0.0108015865110653,111.180953833725
"26316","clear","sal_prag",1.29633821516075,1.03419466468806,44.9046444363407
"26316","clear","literal",45.5957533772284,NA,31.5869227400667
"26316","clear","pragmatic",1.54420259064729,30.6823386960351,47.1276369485446
"26316","cover","sal_prag",1.17291711965584,1.04344122283772,37.055414591829
"26316","cover","literal",45.5957533772284,NA,27.6451059306457
"26316","cover","pragmatic",0.181105033265772,0.15433304733957,44.5327069166048
"26316","fill","sal_prag",0.985028967865848,0.747411453803914,66.2272101174263
"26316","fill","literal",45.5957533772284,NA,46.7787288365539
"26316","fill","pragmatic",0.965203347304592,0.888887605998237,72.5304862282697
"26316","move","sal_prag",1.07712463091181,0.822259787786167,63.0145605184153
"26316","move","literal",45.5957533772284,NA,38.0187572353055
"26316","move","pragmatic",0.830728791621469,0.746475871636002,72.6839730825645
"26316","uncover","sal_prag",70.1722561041193,217.294939954747,57.5288893032041
"26316","uncover","literal",45.5957533772284,NA,85.305075187563
"26316","uncover","pragmatic",0.438410371601763,0.781296845939684,68.1649887374528
"26365","clear","sal_prag",1.36122373885991,1.44155211592437,52.5105833129728
"26365","clear","literal",40.7601555188627,NA,35.0289421162491
"26365","clear","pragmatic",0.26532123650629,0.746694812140261,55.9180611112194
"26365","cover","sal_prag",0.820662426344573,0.654864172414413,55.1187571104671
"26365","cover","literal",40.7601555188627,NA,35.467697346889
"26365","cover","pragmatic",0.463735893692547,0.953258382907066,61.1075192916625
"26365","fill","sal_prag",1.24999873007968,0.849895636607192,74.1243473802251
"26365","fill","literal",40.7601555188627,NA,51.9946690419417
"26365","fill","pragmatic",0.420875299285565,0.516172578133649,83.4608240054925
"26365","move","sal_prag",1.28669919947389,1.44516825458268,75.3954019429858
"26365","move","literal",40.7601555188627,NA,52.4038727715571
"26365","move","pragmatic",0.374685554408929,0.0448914499504008,83.2441750436724
"26365","uncover","sal_prag",1.15056932198164,0.805461288970968,41.3911722707042
"26365","uncover","literal",40.7601555188627,NA,26.1755052857667
"26365","uncover","pragmatic",0.246323141503853,0.0407952182684947,45.3864997596318
"27371","clear","sal_prag",0.429667056641985,0.6642198385872,74.9941029595775
"27371","clear","literal",40.7430316750604,NA,50.6552457221544
"27371","clear","pragmatic",0.701046215110617,0.56682950828245,76.2821462382932
"27371","cover","sal_prag",1.0337273136751,0.71386672899949,40.5748681221986
"27371","cover","literal",40.7430316750604,NA,28.4692793295439
"27371","cover","pragmatic",0.426059243794722,0.277846362173484,44.2864406512644
"27371","fill","sal_prag",0.65219242994495,0.607089169013155,67.6776468947682
"27371","fill","literal",40.7430316750604,NA,40.2347598216619
"27371","fill","pragmatic",0.170732250597687,0.407019777337383,70.3366476985558
"27371","move","sal_prag",1.69078383257149,1.50865589822512,75.6230113480331
"27371","move","literal",40.7430316750604,NA,132.245299575517
"27371","move","pragmatic",0.507745494602863,0.399865600012731,84.0878765195819
"27371","uncover","sal_prag",0.945281574261984,0.999492844995996,91.2962345548352
"27371","uncover","literal",40.7430316750604,NA,102.391176151227
"27371","uncover","pragmatic",0.470782853078117,0.694685922694419,100.438113618117
"27392","clear","sal_prag",-0.135696543681315,0.246433059429582,36.7564516481158
"27392","clear","literal",48.0780781022159,NA,24.7370949235078
"27392","clear","pragmatic",0.300804112530972,0.346874585809355,39.2797874850144
"27392","cover","sal_prag",1.18954225966295,0.885378176622286,40.0459280779917
"27392","cover","literal",48.0780781022159,NA,29.0731531014299
"27392","cover","pragmatic",0.0884993146788274,0.912981148008698,49.8300709315944
"27392","fill","sal_prag",0.69351904581249,1.27552209840742,88.3335172056355
"27392","fill","literal",48.0780781022159,NA,55.2076825530924
"27392","fill","pragmatic",0.477600574291217,0.154338477520705,91.0750663507654
"27392","move","sal_prag",1.4879932810927,1.00456029099544,54.7868455035312
"27392","move","literal",48.0780781022159,NA,37.5418339017831
"27392","move","pragmatic",0.377146590826067,0.128068716452058,61.7618057934346
"27392","uncover","sal_prag",-0.159311577538067,0.444726196216376,64.2656840840976
"27392","uncover","literal",48.0780781022159,NA,84.2784698310854
"27392","uncover","pragmatic",1.57321198638751,8.80270833361956,65.9532693712262
"28567","clear","sal_prag",1.20794985163537,1.12182981564625,57.073778160422
"28567","clear","literal",39.9160148325687,NA,41.3974722969436
"28567","clear","pragmatic",0.238654376211411,0.234221524300437,61.2759434101038
"28567","cover","sal_prag",0.949081291952925,0.922081709837062,52.228782095907
"28567","cover","literal",39.9160148325687,NA,34.7629946404161
"28567","cover","pragmatic",0.226427801386828,0.124914446763173,55.9174595558463
"28567","fill","sal_prag",1.21633683519664,1.03680962086626,81.7963319851929
"28567","fill","literal",39.9160148325687,NA,63.1639250034197
"28567","fill","pragmatic",0.197596868440966,0.526537322421012,99.6320933529475
"28567","move","sal_prag",1.49015436302834,1.35591160293783,43.0323078909612
"28567","move","literal",39.9160148325687,NA,27.2729008345069
"28567","move","pragmatic",0.687551415542727,0.954741217072806,54.9614967069859
"28567","uncover","sal_prag",-1.02335231216809,8.24959016213127,53.0127887658567
"28567","uncover","literal",39.9160148325687,NA,31.3459892808049
"28567","uncover","pragmatic",0.377634698232985,0.870956383828622,56.1311784916686
"29499","clear","sal_prag",1.69452665647353,1.36991188102653,34.0175592142102
"29499","clear","literal",53.7829993044292,NA,25.6238576674805
"29499","clear","pragmatic",0.963614863204013,0.872993063685907,38.6100284819735
"29499","cover","sal_prag",1.43859950523078,1.96870807541769,41.4156296492996
"29499","cover","literal",53.7829993044292,NA,24.6734268896566
"29499","cover","pragmatic",0.293764294599311,0.803296787199724,44.0019530200249
"29499","fill","sal_prag",0.981789042806454,0.677391160229074,75.0279350512431
"29499","fill","literal",53.7829993044292,NA,104.714598658953
"29499","fill","pragmatic",0.270656303851474,0.681521389084513,81.8094008365693
"29499","move","sal_prag",1.07007284834191,1.19687952120182,111.481346826449
"29499","move","literal",53.7829993044292,NA,395.220270719023
"29499","move","pragmatic",0.671985288520811,0.698847367089445,115.315204326176
"29499","uncover","sal_prag",1.01597993602558,0.977794621802949,46.8538524642586
"29499","uncover","literal",53.7829993044292,NA,31.0583072083531
"29499","uncover","pragmatic",0.173435140358886,0.844242309863014,55.6233350732343
"29690","clear","sal_prag",-1.34885239433467,2.19693798462013e-09,23.2332789029274
"29690","clear","literal",40.9328509027988,NA,17.5292350520753
"29690","clear","pragmatic",0.858405923113729,0.331443750339172,27.9196162329065
"29690","cover","sal_prag",1.30367829038617,1.12714797254481,44.7292429317668
"29690","cover","literal",40.9328509027988,NA,111.412818057621
"29690","cover","pragmatic",0.962789963116453,91.785650487684,40.9968405113307
"29690","fill","sal_prag",0.487222761904993,0.646181063249817,88.4923962694724
"29690","fill","literal",40.9328509027988,NA,56.0273924569608
"29690","fill","pragmatic",0.882414557365161,0.349975896582301,91.3910987391194
"29690","move","sal_prag",3.02766637635421,3.0056787138081,50.0421283255264
"29690","move","literal",40.9328509027988,NA,30.4658375955466
"29690","move","pragmatic",0.334265173739034,0.828679760472106,55.9177123533795
"29690","uncover","sal_prag",-0.180386430521511,0.259498705318187,63.4832487784507
"29690","uncover","literal",40.9328509027988,NA,40.9005414614964
"29690","uncover","pragmatic",0.793723246916461,0.660165131248467,67.6256547193641
"30838","clear","sal_prag",1.24813405613009,1.18484043347329,64.790852715688
"30838","clear","literal",46.0243845944023,NA,44.6400646484291
"30838","clear","pragmatic",0.0619720402845684,0.288924872711316,67.6866532255443
"30838","cover","sal_prag",-0.33645136020962,1.10502881387538,37.1795815973445
"30838","cover","literal",46.0243845944023,NA,25.310200277837
"30838","cover","pragmatic",0.589849887470585,0.815756493809545,40.0080700916487
"30838","fill","sal_prag",0.788939241969867,0.585968416210312,85.4723472712494
"30838","fill","literal",46.0243845944023,NA,57.3482778096568
"30838","fill","pragmatic",0.393482008842572,0.729086416632126,89.6088667783434
"30838","move","sal_prag",1.7114224605765,1.3729156863901,56.9391484692832
"30838","move","literal",46.0243845944023,NA,77.6360360801013
"30838","move","pragmatic",0.121708017775914,0.79399951804978,62.0875348560876
"30838","uncover","sal_prag",0.414837617503943,0.587743553613989,44.2564912710162
"30838","uncover","literal",46.0243845944023,NA,21.8171951777101
"30838","uncover","pragmatic",0.19649847207066,0.442269973247118,45.5958435798866
"31601","clear","sal_prag",1.21244242897588,0.749534261232605,66.9850014927819
"31601","clear","literal",38.6649813141231,NA,49.1511683253781
"31601","clear","pragmatic",0.244541152238902,0.0539468343949794,76.6097887706805
"31601","cover","sal_prag",1.15026006638342,1.05693722327552,62.6683798767203
"31601","cover","literal",38.6649813141231,NA,121.060180871786
"31601","cover","pragmatic",0.764329594348015,0.271752692138159,72.7335990206224
"31601","fill","sal_prag",0.934675087355759,1.11206167990722,87.8343227658228
"31601","fill","literal",38.6649813141231,NA,58.4579907869448
"31601","fill","pragmatic",0.809043545418346,0.2655446416219,93.1552885685802
"31601","move","sal_prag",1.21655762267465,0.685799012850994,107.481766607717
"31601","move","literal",38.6649813141231,NA,346.595238509404
"31601","move","pragmatic",0.848808789929668,0.76844869984686,116.399999185477
"31601","uncover","sal_prag",1.2209261107997,1.56756952920087,63.3946280206915
"31601","uncover","literal",38.6649813141231,NA,75.575066460735
"31601","uncover","pragmatic",0.168222072503261,0.685457073807004,67.6585074428879
"32385","clear","sal_prag",1.01227324545932,0.944086777197391,66.3982261175753
"32385","clear","literal",3.86716171998129,NA,55.0093845963995
"32385","clear","pragmatic",0.0813573720661665,1.17791256732349,72.3872886046019
"32385","cover","sal_prag",1.02270598210868,0.927847714632797,48.4583947305835
"32385","cover","literal",3.86716171998129,NA,35.8018701169453
"32385","cover","pragmatic",0.93086502213658,0.653002430733719,60.5420510011099
"32385","fill","sal_prag",0.92406158736643,1.45539039923288,73.9358269558299
"32385","fill","literal",3.86716171998129,NA,47.6357579672072
"32385","fill","pragmatic",0.379376388436561,1.01787958532396,76.134911353851
"32385","move","sal_prag",1.29734920507582,1.02277230276894,49.3401817252158
"32385","move","literal",3.86716171998129,NA,34.8627824098846
"32385","move","pragmatic",0.551944909351164,0.92962639963248,60.7719425775843
"32385","uncover","sal_prag",1.16844888090413,0.982310733730646,46.1527767291775
"32385","uncover","literal",3.86716171998129,NA,31.4752806516571
"32385","uncover","pragmatic",0.588260057576069,0.579015723311306,51.0354652403229
"33708","clear","sal_prag",1.57768558691199,2.00355121443568,79.9110968550366
"33708","clear","literal",3.5020621366591,NA,62.8177219598776
"33708","clear","pragmatic",0.98164488281678,0.355904281710773,82.9603754191291
"33708","cover","sal_prag",1.07175692300144,1.62640139136633,79.8870866087558
"33708","cover","literal",3.5020621366591,NA,65.4688246939838
"33708","cover","pragmatic",0.700848617496104,0.738869758511708,92.7418752431506
"33708","fill","sal_prag",0.936682231012145,1.45312140565472,78.4245339560888
"33708","fill","literal",3.5020621366591,NA,52.5452387360606
"33708","fill","pragmatic",0.0443808155958132,0.774601327848023,81.5701475491282
"33708","move","sal_prag",1.19435954196543,1.90836080217127,140.782509061028
"33708","move","literal",3.5020621366591,NA,128.279053075234
"33708","move","pragmatic",0.572748825679297,0.966727268432758,145.469296205504
"33708","uncover","sal_prag",0.9133399788016,1.07767654300144,141.466784212287
"33708","uncover","literal",3.5020621366591,NA,134.884214842908
"33708","uncover","pragmatic",0.379392744815856,0.531364610012861,148.753532570401
"35291","clear","sal_prag",-0.0382583812230653,0.388274459655552,70.8707246810479
"35291","clear","literal",50.0178135858397,NA,48.3821886170619
"35291","clear","pragmatic",0.352039984825197,0.528035359436533,72.3543578656859
"35291","cover","sal_prag",0.872278228426249,1.20497720531756,64.3824856768359
"35291","cover","literal",50.0178135858397,NA,40.959054944593
"35291","cover","pragmatic",0.915420286946404,0.926333115596138,69.7094080875554
"35291","fill","sal_prag",0.972167215610583,1.01275450668232,81.9886411533293
"35291","fill","literal",50.0178135858397,NA,53.7964435674671
"35291","fill","pragmatic",0.348546164273168,0.802244869665105,87.2895480434207
"35291","move","sal_prag",1.37673160070802,1.30361374747496,61.2514801447498
"35291","move","literal",50.0178135858397,NA,89.7904319092629
"35291","move","pragmatic",0.66835457899527,0.753136303022511,76.5620720546174
"35291","uncover","sal_prag",1.54106550694553,2.78776751013122,67.0859714309441
"35291","uncover","literal",50.0178135858397,NA,43.9866109490096
"35291","uncover","pragmatic",1.40017415679594,14.8963401418489,72.8581714975971
"36088","clear","sal_prag",-1.02301831658197,3.13897731489847e-07,46.1116441644663
"36088","clear","literal",40.1648883984342,NA,33.6426477551293
"36088","clear","pragmatic",0.277663739417199,0.114254976125501,50.770218361304
"36088","cover","sal_prag",0.606161788747273,0.750119446741405,75.9376387781527
"36088","cover","literal",40.1648883984342,NA,51.8588557540243
"36088","cover","pragmatic",0.813175569388972,0.145093706804405,78.3710521512043
"36088","fill","sal_prag",0.885977850697156,0.715048697356544,78.8520837891679
"36088","fill","literal",40.1648883984342,NA,93.7859365281101
"36088","fill","pragmatic",0.695339514387903,0.657096538571015,83.4662793834184
"36088","move","sal_prag",1.36939314429209,1.05966055249975,49.9799175498356
"36088","move","literal",40.1648883984342,NA,31.2752502723376
"36088","move","pragmatic",0.265275437106356,0.684116100514525,61.6721248100366
"36088","uncover","sal_prag",1.04135273440706,1.01911794024825,65.6821336766004
"36088","uncover","literal",40.1648883984342,NA,43.1489690023719
"36088","uncover","pragmatic",0.289926204584224,0.431080204843247,74.1353066535934
"36524","clear","sal_prag",1.67684630947392,1.36015987151604,63.9268013475987
"36524","clear","literal",43.5947615428762,NA,46.569199962747
"36524","clear","pragmatic",0.846386845283629,0.735515680528176,67.1970662099457
"36524","cover","sal_prag",1.05438835184855,0.698380013752752,51.5685493011388
"36524","cover","literal",43.5947615428762,NA,42.6140578180858
"36524","cover","pragmatic",0.0741743055231597,0.161404475118278,67.3488635655361
"36524","fill","sal_prag",0.791131895101288,5.55772949925712,171.210823929599
"36524","fill","literal",43.5947615428762,NA,153.001736416967
"36524","fill","pragmatic",0.202004566260678,0.850003166720684,180.636370645109
"36524","move","sal_prag",0.963548502658127,0.950553499794729,79.3483932435062
"36524","move","literal",43.5947615428762,NA,133.956521997555
"36524","move","pragmatic",0.173401510114564,0.300843029699443,83.2565194638153
"36524","uncover","sal_prag",1.03196648143925,1.15424548948482,49.2852720665038
"36524","uncover","literal",43.5947615428762,NA,26.3531438946563
"36524","uncover","pragmatic",0.214381199735932,0.463744847112157,51.1442252367144
"36961","clear","sal_prag",1.47821896164502,1.41690539850614,59.3714843966671
"36961","clear","literal",36.4872800917171,NA,43.2300537606919
"36961","clear","pragmatic",0.877694012023789,0.832764263724241,66.7795567034481
"36961","cover","sal_prag",0.640255435752137,0.62682232845834,32.4297003409726
"36961","cover","literal",36.4872800917171,NA,19.2218611852028
"36961","cover","pragmatic",0.964720177114319,0.0986130197619063,33.485600244335
"36961","fill","sal_prag",0.741765852455064,1.47229459507819,84.3203510113796
"36961","fill","literal",36.4872800917171,NA,53.6676540920305
"36961","fill","pragmatic",0.54391435217246,0.17873053165887,87.2434663710215
"36961","move","sal_prag",0.977638865914115,0.663952101795706,67.8684965307312
"36961","move","literal",36.4872800917171,NA,80.7616396237898
"36961","move","pragmatic",0.694609063427962,0.851782703478388,71.5318519226088
"36961","uncover","sal_prag",0.988886616566861,0.859542937424478,49.124655787334
"36961","uncover","literal",36.4872800917171,NA,30.7850892068794
"36961","uncover","pragmatic",1.11725377782608,11.6812913078202,52.7189637507762
"37196","clear","sal_prag",1.19342064095743,1.85668706320783,75.24561940749
"37196","clear","literal",41.36970005766,NA,50.9316337879874
"37196","clear","pragmatic",0.977579535184086,0.84411786741503,78.0760420369364
"37196","cover","sal_prag",1.20491853708052,0.898154229744396,54.213255301391
"37196","cover","literal",41.36970005766,NA,43.0305341611476
"37196","cover","pragmatic",0.970260464316698,0.785045904547174,67.2546361570578
"37196","fill","sal_prag",0.57914240294993,0.851587713066078,101.968524162925
"37196","fill","literal",41.36970005766,NA,106.730849638416
"37196","fill","pragmatic",0.548845593607534,0.721299473376597,104.784863132689
"37196","move","sal_prag",0.766431826533584,0.628806865479661,78.391547210277
"37196","move","literal",41.36970005766,NA,159.560133825087
"37196","move","pragmatic",1.41319083368793,22.6116068298313,79.2251623604445
"37196","uncover","sal_prag",-0.125142684685987,0.418219202231891,60.1553812827302
"37196","uncover","literal",41.36970005766,NA,36.2533056102228
"37196","uncover","pragmatic",1.60369334161601,14.9508994177291,58.449253571175
"37887","clear","sal_prag",0.902418496762646,0.741331128857201,67.6765113863589
"37887","clear","literal",49.5577717352421,NA,44.6134680753932
"37887","clear","pragmatic",0.966601066610907,0.523922617581513,71.516728485746
"37887","cover","sal_prag",0.98490136602951,1.04593649772714,53.9827399317222
"37887","cover","literal",49.5577717352421,NA,35.1929139046991
"37887","cover","pragmatic",1.0485772715033,1.02158794672129,60.2609826439692
"37887","fill","sal_prag",0.937870906428239,1.35391046133238,76.8986779905215
"37887","fill","literal",49.5577717352421,NA,45.1590526059361
"37887","fill","pragmatic",0.100215531251504,0.323854777379553,80.2408811693519
"37887","move","sal_prag",0.945191065523427,1.13077402377175,75.9284573519117
"37887","move","literal",49.5577717352421,NA,95.722245860243
"37887","move","pragmatic",0.737283220366274,0.422796165253282,81.2404116169247
"37887","uncover","sal_prag",0.842392160197642,0.914167525410045,80.0919128836757
"37887","uncover","literal",49.5577717352421,NA,49.0593588430987
"37887","uncover","pragmatic",0.138754511704319,0.617968414512804,88.7098345240856
"39232","clear","sal_prag",-2.04767161810709,-0.384152648294272,40.8292099527128
"39232","clear","literal",37.2929704467475,NA,26.2116443323826
"39232","clear","pragmatic",0.885058131751781,0.126658292272973,44.2207872553549
"39232","cover","sal_prag",1.01664010523887,1.11912040394863,55.9657188691321
"39232","cover","literal",37.2929704467475,NA,37.9154863337205
"39232","cover","pragmatic",0.256122934498367,0.886558589106527,66.1672830819179
"39232","fill","sal_prag",1.23803919975638,1.07654087923524,88.0666474918693
"39232","fill","literal",37.2929704467475,NA,207.369944798564
"39232","fill","pragmatic",0.828403811400842,0.185428938365045,99.6865028459785
"39232","move","sal_prag",1.10891360100567,0.943085543685651,94.4251789052364
"39232","move","literal",37.2929704467475,NA,60.2053264395469
"39232","move","pragmatic",0.201175718931392,0.276968957273594,106.427749011642
"39232","uncover","sal_prag",1.72325263017447,1.99697466344471,45.4956049563193
"39232","uncover","literal",37.2929704467475,NA,30.0449547636358
"39232","uncover","pragmatic",0.420136267307626,0.290056907995976,56.1159688438353
"39277","clear","sal_prag",-0.14842913923944,0.347983750906494,63.9748733734388
"39277","clear","literal",42.9175286555037,NA,43.2176312406934
"39277","clear","pragmatic",0.846406084505011,0.886841522438378,67.0580360387667
"39277","cover","sal_prag",0.779395384426007,1.17495052040239,60.6330616479048
"39277","cover","literal",42.9175286555037,NA,79.5442355672173
"39277","cover","pragmatic",0.439145758995952,0.951333039312013,62.0442822322116
"39277","fill","sal_prag",0.556525957781247,0.846626149374664,80.0098188517567
"39277","fill","literal",42.9175286555037,NA,50.8970128572004
"39277","fill","pragmatic",0.65452864350447,0.0877086482742122,82.3203564628097
"39277","move","sal_prag",1.30277784846864,0.656464313850887,60.9579462657862
"39277","move","literal",42.9175286555037,NA,42.5267272312317
"39277","move","pragmatic",0.794695055266423,0.967359409996221,72.5805456633612
"39277","uncover","sal_prag",-0.331091984644232,4.54910344789477,87.1332639432236
"39277","uncover","literal",42.9175286555037,NA,228.158903285213
"39277","uncover","pragmatic",0.977969063928011,0.790185003368215,89.6169371959845
"40168","clear","sal_prag",-1.45904587021741,-0.388809236799337,56.8071888785272
"40168","clear","literal",41.2728198018647,NA,36.597558034163
"40168","clear","pragmatic",0.533543893068033,0.647618332733255,61.0865511738896
"40168","cover","sal_prag",0.727310632666062,0.74982011844252,87.9745930184982
"40168","cover","literal",41.2728198018647,NA,265.362641339547
"40168","cover","pragmatic",0.878424571152353,0.872502442897729,90.0717054135212
"40168","fill","sal_prag",1.07389041864477,0.918566856987931,131.904350849665
"40168","fill","literal",41.2728198018647,NA,576.201564248851
"40168","fill","pragmatic",0.445659444895794,0.358359803667968,134.702103405265
"40168","move","sal_prag",1.57901616795384,1.16559926681401,51.6352785010126
"40168","move","literal",41.2728198018647,NA,31.5910978256976
"40168","move","pragmatic",0.921381786598436,0.342263019501853,55.7312056399197
"40168","uncover","sal_prag",0.773566658972269,0.721237401986878,87.2442368044358
"40168","uncover","literal",41.2728198018647,NA,299.566538688537
"40168","uncover","pragmatic",1.04751176777295,0.267718845466473,90.1770224991885
"42292","clear","sal_prag",0.319130076105394,-0.60685317597034,41.4785079053501
"42292","clear","literal",44.8910733299368,NA,38.130034905461
"42292","clear","pragmatic",0.217488271985632,0.621359426746146,56.2539675416648
"42292","cover","sal_prag",1.8709279926471,5.02756032184334,73.6300198572664
"42292","cover","literal",44.8910733299368,NA,181.550220773273
"42292","cover","pragmatic",0.441049715784516,0.6925962379247,73.5418179318703
"42292","fill","sal_prag",9.41547159058769,0.751169676883874,86.6542837286455
"42292","fill","literal",44.8910733299368,NA,53.4117993666805
"42292","fill","pragmatic",0.178327101234485,1.02351232003396,86.5800739490598
"42292","move","sal_prag",-0.37559502775314,1.06519897050485,87.4845502485904
"42292","move","literal",44.8910733299368,NA,141.367615584419
"42292","move","pragmatic",0.810164599851356,0.230799323895413,88.4557189640929
"42292","uncover","sal_prag",-0.0128369365461155,0.188179961896195,51.1236861359966
"42292","uncover","literal",44.8910733299368,NA,25.0710815358144
"42292","uncover","pragmatic",0.817266683747023,0.777575686737345,50.8498257217809
"43467","clear","sal_prag",-1.90821641983519,-0.405869622051088,22.3696153282746
"43467","clear","literal",46.0772669463073,NA,18.2223822326353
"43467","clear","pragmatic",0.471210300967346,0.0613011104231451,28.4393683254425
"43467","cover","sal_prag",1.78160813914773,2.04816689469242,40.0517143371896
"43467","cover","literal",46.0772669463073,NA,28.7688890495706
"43467","cover","pragmatic",0.740989218439134,0.662860995956805,45.3825789813242
"43467","fill","sal_prag",0.288723054542037,0.575419213913922,70.8903085143786
"43467","fill","literal",46.0772669463073,NA,45.8956651130297
"43467","fill","pragmatic",1.0084236670316,0.191121326887428,72.4464637078673
"43467","move","sal_prag",1.47247747590758,1.08297625273733,41.6362491791508
"43467","move","literal",46.0772669463073,NA,25.2657349167158
"43467","move","pragmatic",0.64919822892508,0.556024028252366,45.314751472257
"43467","uncover","sal_prag",253.749525471982,388.038247743834,45.5565809522828
"43467","uncover","literal",46.0772669463073,NA,28.3159309140595
"43467","uncover","pragmatic",0.164507191441106,0.696026835651921,51.2521070118316
"43580","clear","sal_prag",1.57239546306363,1.32492481805489,41.8881774251791
"43580","clear","literal",50.9491873008752,NA,28.6965509821706
"43580","clear","pragmatic",0.80175017786286,0.582353316258931,44.5593865437737
"43580","cover","sal_prag",0.620568180157567,0.583665552311583,37.4190578698286
"43580","cover","literal",50.9491873008752,NA,75.5318456682451
"43580","cover","pragmatic",1.03802615898822,0.290756105526954,38.6869190892154
"43580","fill","sal_prag",0.543428390813776,0.705875371294528,75.1055072915022
"43580","fill","literal",50.9491873008752,NA,47.1274356108435
"43580","fill","pragmatic",0.428432387836428,0.623520839117867,77.0932464899024
"43580","move","sal_prag",1.48472325694806,1.41885827642222,58.4787354206064
"43580","move","literal",50.9491873008752,NA,31.1242297712628
"43580","move","pragmatic",0.13975536505897,0.108355573356449,61.4418121318898
"43580","uncover","sal_prag",1.34991165029943,1.82850058388806,62.5609877405846
"43580","uncover","literal",50.9491873008752,NA,35.8884338990799
"43580","uncover","pragmatic",1.02700923484407,0.0211487297120741,67.8692354489864
"47326","clear","sal_prag",-2.05112315693152,-0.395803246065695,23.169459534352
"47326","clear","literal",52.4822193259165,NA,16.8360878715154
"47326","clear","pragmatic",0.588185682911755,0.735946347836834,28.0221757323598
"47326","cover","sal_prag",-0.00624782256189886,0.319304110035815,50.728188099516
"47326","cover","literal",52.4822193259165,NA,243.616136634591
"47326","cover","pragmatic",0.217267594804166,0.690558301522159,51.2660635399535
"47326","fill","sal_prag",1.03846106607992,0.882219768185999,74.2508395185532
"47326","fill","literal",52.4822193259165,NA,51.335992540497
"47326","fill","pragmatic",0.856528328471959,0.0709525523844086,83.4629919596306
"47326","move","sal_prag",1.63304519681319,1.44355490446103,65.100110649065
"47326","move","literal",52.4822193259165,NA,143.869178407169
"47326","move","pragmatic",0.626555345569013,0.468383725959657,72.9729813730319
"47326","uncover","sal_prag",1.14107712392192,1.07290014415869,38.352062988152
"47326","uncover","literal",52.4822193259165,NA,230.891325066835
"47326","uncover","pragmatic",0.56599668820599,0.0144630473851382,39.8351920831021
"49030","clear","sal_prag",-1.35614132639529,4.03381015533694e-08,22.6922975826245
"49030","clear","literal",45.7085690824269,NA,16.718304835859
"49030","clear","pragmatic",2.87833812899931,9.59634632565773,21.6850029274332
"49030","cover","sal_prag",0.969227968934925,0.96428946505381,64.8995678555356
"49030","cover","literal",45.7085690824269,NA,87.6249861909357
"49030","cover","pragmatic",0.441792893747528,0.345830694978639,70.5961791898772
"49030","fill","sal_prag",0.919518394378257,0.944027580037441,67.3179603403846
"49030","fill","literal",45.7085690824269,NA,42.2700535318519
"49030","fill","pragmatic",0.277629365173016,0.690353153976326,70.3710817326869
"49030","move","sal_prag",-0.103772338894823,0.630227658277937,157.47560028723
"49030","move","literal",45.7085690824269,NA,444.125319472254
"49030","move","pragmatic",0.701207778451302,0.627264550539347,160.607884427912
"49030","uncover","sal_prag",1.39393232117753,1.24566107721943,46.7144990401586
"49030","uncover","literal",45.7085690824269,NA,31.7295508157202
"49030","uncover","pragmatic",0.265133985146436,1.02245535452463,55.4520530123743
"49589","clear","sal_prag",-0.239357511361613,0.869528606522947,40.5300669013427
"49589","clear","literal",41.6792382686349,NA,28.9492225213863
"49589","clear","pragmatic",0.678319301916108,0.797871848523896,45.0384418206233
"49589","cover","sal_prag",1.2473123671828,1.44679446951017,56.0027540284651
"49589","cover","literal",41.6792382686349,NA,83.522933036483
"49589","cover","pragmatic",0.553355573291827,0.0754122298674829,61.6997760994794
"49589","fill","sal_prag",0.832740450982134,0.767191119242231,87.8659233590176
"49589","fill","literal",41.6792382686349,NA,56.8907475528429
"49589","fill","pragmatic",0.607081034031099,0.487280218353501,92.7271929873349
"49589","move","sal_prag",1.18882397486022,1.41059091694576,78.5423813052515
"49589","move","literal",41.6792382686349,NA,53.5681343292163
"49589","move","pragmatic",0.533376705567215,0.408549917743585,83.6049346041486
"49589","uncover","sal_prag",1.27661272712987,1.90302016678703,69.5098391939353
"49589","uncover","literal",41.6792382686349,NA,123.876356379676
"49589","uncover","pragmatic",0.356889867939546,0.202784255769382,73.7533920222421
"50151","clear","sal_prag",-1.67249975763459,-0.431441102296462,56.6101644654129
"50151","clear","literal",36.0465770240499,NA,41.1926778842976
"50151","clear","pragmatic",0.517194508565677,0.178165571687032,61.3797197251952
"50151","cover","sal_prag",0.548996312466493,0.826625558805881,86.3453313521534
"50151","cover","literal",36.0465770240499,NA,162.075703042604
"50151","cover","pragmatic",0.934531029887811,0.167459813411596,89.0708322448496
"50151","fill","sal_prag",1.47721053876102,0.792210615569736,52.9372213232014
"50151","fill","literal",36.0465770240499,NA,40.9689169790723
"50151","fill","pragmatic",0.168608025562871,0.122815539060263,71.1579011440502
"50151","move","sal_prag",1.53043471786303,1.49337165018671,89.5464900130888
"50151","move","literal",36.0465770240499,NA,129.086977814064
"50151","move","pragmatic",0.483734040244173,0.354326731875388,93.7702077561374
"50151","uncover","sal_prag",2.26432082503241,3.08645255618188,50.3889249685387
"50151","uncover","literal",36.0465770240499,NA,34.5240431111528
"50151","uncover","pragmatic",0.679333514357838,0.719031979551456,62.2487924440087
"50905","clear","sal_prag",-0.191365184454136,0.243106342057768,36.106506916378
"50905","clear","literal",45.7284115389209,NA,26.7224699561486
"50905","clear","pragmatic",1.0493302185165,83.219024506905,29.8725916576263
"50905","cover","sal_prag",1.47052402826863,1.42691049349224,46.1488422366178
"50905","cover","literal",45.7284115389209,NA,32.3632423706051
"50905","cover","pragmatic",0.771240936793009,0.0978733901534372,51.0078894937225
"50905","fill","sal_prag",0.632114440893859,0.866393527275237,76.8612612733078
"50905","fill","literal",45.7284115389209,NA,50.0897742054055
"50905","fill","pragmatic",0.821181237782433,0.4381862409325,78.7213286084858
"50905","move","sal_prag",1.64709044689174,1.42921121207,49.6788333026848
"50905","move","literal",45.7284115389209,NA,76.7395634517666
"50905","move","pragmatic",0.166587291594005,0.141212128532624,56.4781143566801
"50905","uncover","sal_prag",0.894966621444852,1.14599594297134,57.4470015198931
"50905","uncover","literal",45.7284115389209,NA,31.9799653281763
"50905","uncover","pragmatic",0.514618774379767,0.808600777495159,62.796068445503
"50933","clear","sal_prag",-1.07268722623067,4.55698776487264,25.6291936899651
"50933","clear","literal",38.7124521583321,NA,17.1237699439672
"50933","clear","pragmatic",0.518645197567217,0.216029113275091,28.2606175933897
"50933","cover","sal_prag",-0.0280875562421753,0.386744185439981,246.851906491416
"50933","cover","literal",38.7124521583321,NA,1453.75593054398
"50933","cover","pragmatic",0.319755277357841,0.955589362505883,247.248768652961
"50933","fill","sal_prag",0.730678515600041,1.00026521156748,178.983722017191
"50933","fill","literal",38.7124521583321,NA,735.049450149365
"50933","fill","pragmatic",0.418238809450766,0.483363211576518,182.142521627162
"50933","move","sal_prag",2.43577946137605,2.02882100977694,77.7652218359163
"50933","move","literal",38.7124521583321,NA,250.179108132442
"50933","move","pragmatic",0.499666460894696,0.560272935650427,99.7189505503196
"50933","uncover","sal_prag",1.83597065961197,2.29239850369442,121.016195495711
"50933","uncover","literal",38.7124521583321,NA,808.587083297512
"50933","uncover","pragmatic",0.174762252791837,0.504902477305756,123.41637596849
"51310","clear","sal_prag",0.826294719030399,0.773441574402554,59.47292278753
"51310","clear","literal",43.1539565754422,NA,43.2537702873092
"51310","clear","pragmatic",0.831918917415624,0.780381120235585,60.8619995374131
"51310","cover","sal_prag",1.21622509956411,0.992357750628105,37.7992867039509
"51310","cover","literal",43.1539565754422,NA,70.528760759835
"51310","cover","pragmatic",0.286342582828106,0.609772856040425,50.2859028610789
"51310","fill","sal_prag",0.614425482107733,1.18856971901717,84.0724867441637
"51310","fill","literal",43.1539565754422,NA,52.9445548876568
"51310","fill","pragmatic",0.784407090278511,0.429999780287542,86.4675559765388
"51310","move","sal_prag",1.30265152152532,0.711567254603692,91.2656114207359
"51310","move","literal",43.1539565754422,NA,281.15411657608
"51310","move","pragmatic",0.343663640466513,0.524235240202744,106.870423247875
"51310","uncover","sal_prag",1.86697611038636,2.25535014518986,90.6410399510029
"51310","uncover","literal",43.1539565754422,NA,406.580821000634
"51310","uncover","pragmatic",0.752559245248847,0.202445209911286,105.627347442034
"51325","clear","sal_prag",-0.140002338941522,0.282184834887822,59.0934567764377
"51325","clear","literal",41.1649150379009,NA,39.7518953378936
"51325","clear","pragmatic",0.468458852502453,0.736672419570411,61.5965023021371
"51325","cover","sal_prag",1.09700851498966,1.15066427959299,46.0836734861618
"51325","cover","literal",41.1649150379009,NA,33.09947402568
"51325","cover","pragmatic",0.0727736136120403,0.536958115360675,55.9315659335963
"51325","fill","sal_prag",0.976544789181278,0.607243678496046,83.8787944921569
"51325","fill","literal",41.1649150379009,NA,58.0675489805352
"51325","fill","pragmatic",0.729321449679458,0.2825395191128,93.3048142180999
"51325","move","sal_prag",1.43256396913933,1.40195204455806,76.0833067881788
"51325","move","literal",41.1649150379009,NA,93.8610066267961
"51325","move","pragmatic",0.405886007723755,0.67084874638566,88.8542225223288
"51325","uncover","sal_prag",1.38518273378313,1.39414653660759,46.8743267789318
"51325","uncover","literal",41.1649150379009,NA,28.5911904665128
"51325","uncover","pragmatic",0.342784697209348,0.447303261833603,56.8300797407659
"53007","clear","sal_prag",-0.0675028709421824,0.299250382921048,38.1767337613814
"53007","clear","literal",39.2049415384296,NA,24.6430284144687
"53007","clear","pragmatic",1.03950746162637,0.38759866915409,39.0180031901047
"53007","cover","sal_prag",0.875365218218829,1.21803345268197,67.0449650737958
"53007","cover","literal",39.2049415384296,NA,198.154793154834
"53007","cover","pragmatic",0.930490739772327,1.11103502982652,72.0332545530603
"53007","fill","sal_prag",1.31308581695111,0.725784110538124,54.7425923634282
"53007","fill","literal",39.2049415384296,NA,45.2631207187537
"53007","fill","pragmatic",0.653221163501483,0.607075943542849,71.9489625023187
"53007","move","sal_prag",1.21307845956196,0.650470528329427,54.2975675213953
"53007","move","literal",39.2049415384296,NA,68.3705980212259
"53007","move","pragmatic",0.245360470851113,0.923216262960247,62.0811558245452
"53007","uncover","sal_prag",1.38299512821966,1.01715768347312,24.8262891266802
"53007","uncover","literal",39.2049415384296,NA,14.8857233721107
"53007","uncover","pragmatic",0.340957764420069,0.68296044170414,28.4107969883386
"53463","clear","sal_prag",1.58548818487843,1.19814570181877,51.3068331313539
"53463","clear","literal",38.4185014821346,NA,38.5308170656648
"53463","clear","pragmatic",0.433796720846448,0.0278902707729393,56.3848960823344
"53463","cover","sal_prag",0.715443724904592,0.682968487317096,47.8811981304264
"53463","cover","literal",38.4185014821346,NA,27.6691256297477
"53463","cover","pragmatic",0.931986672512751,0.135089204756154,50.3585360843582
"53463","fill","sal_prag",0.980286323938803,1.04133121971289,73.9228106195654
"53463","fill","literal",38.4185014821346,NA,50.2126292754017
"53463","fill","pragmatic",0.736340340095482,3.652403692578,78.0990277526533
"53463","move","sal_prag",0.910123859185355,0.933301892807765,81.1648548052758
"53463","move","literal",38.4185014821346,NA,85.4008648794883
"53463","move","pragmatic",0.17661151241434,0.0863115077460225,87.9515376180911
"53463","uncover","sal_prag",0.840403862139573,1.28650555175712,78.2134566594249
"53463","uncover","literal",38.4185014821346,NA,51.8102625377619
"53463","uncover","pragmatic",0.263761761887408,0.677263432190885,85.1430994731229
"53968","clear","sal_prag",-0.0296935040026395,0.380913772255309,54.8181576798161
"53968","clear","literal",36.1661139696673,NA,34.7820820383176
"53968","clear","pragmatic",0.926806666475061,0.791680363832477,55.8272247274975
"53968","cover","sal_prag",1.0620338406749,0.829306946205349,44.5817552306829
"53968","cover","literal",36.1661139696673,NA,65.9724663523499
"53968","cover","pragmatic",0.58775328641627,0.903730408803973,49.9063020436998
"53968","fill","sal_prag",0.845822569239114,1.00628098898162,79.4655094171331
"53968","fill","literal",36.1661139696673,NA,52.3398431363455
"53968","fill","pragmatic",0.847037718737166,0.198602283438969,82.4593147990298
"53968","move","sal_prag",0.896484522824662,1.0226269724164,77.9096148577295
"53968","move","literal",36.1661139696673,NA,82.9388152933171
"53968","move","pragmatic",0.451960679851203,0.289455364916148,82.0925750040704
"53968","uncover","sal_prag",0.846821602460578,0.902964242702967,38.2041428125773
"53968","uncover","literal",36.1661139696673,NA,23.3644667531517
"53968","uncover","pragmatic",0.280724003376788,0.139560422324953,39.3518018799948
"55983","clear","sal_prag",1.38229452779106,1.01010982633393,42.7632107734024
"55983","clear","literal",45.5279482196047,NA,28.7373729766908
"55983","clear","pragmatic",0.697796311094094,0.13707859408176,44.8719234187691
"55983","cover","sal_prag",1.01566298935974,0.783441352678596,50.1815483862905
"55983","cover","literal",45.5279482196047,NA,36.7676326921102
"55983","cover","pragmatic",1.72579441740987,7.14970774417595,59.2880283404126
"55983","fill","sal_prag",1.26549132629066,1.39855337658796,70.032349999208
"55983","fill","literal",45.5279482196047,NA,48.0835001048298
"55983","fill","pragmatic",0.830027585877599,0.944842036930644,76.7825397076765
"55983","move","sal_prag",1.05989089005647,1.26639397481599,85.7413751133045
"55983","move","literal",45.5279482196047,NA,148.268284072543
"55983","move","pragmatic",0.86748139489527,0.522363766357524,93.7634839169554
"55983","uncover","sal_prag",1.49816985346864,1.48929150767191,51.7804343369177
"55983","uncover","literal",45.5279482196047,NA,34.8466205594552
"55983","uncover","pragmatic",0.644018640366641,0.239934656205578,62.6607793970012
"56864","clear","sal_prag",6.28106670577984,8.53497203582981,65.3209084466786
"56864","clear","literal",40.6743278068344,NA,46.8124441857682
"56864","clear","pragmatic",0.0617749001092782,0.69821872155237,71.5404635956859
"56864","cover","sal_prag",1.34111978442365,1.7924795449662,47.5546192290312
"56864","cover","literal",40.6743278068344,NA,29.2115614297978
"56864","cover","pragmatic",0.610435698239927,0.540272114877038,50.3731894258738
"56864","fill","sal_prag",2.30289407890877,3.46034610645148,70.7640841337912
"56864","fill","literal",40.6743278068344,NA,46.9779191468456
"56864","fill","pragmatic",1.01528865489983,0.795499948172048,76.8941008670182
"56864","move","sal_prag",1.18856861070831,1.20274354612896,61.9373364830085
"56864","move","literal",40.6743278068344,NA,75.2699700085148
"56864","move","pragmatic",0.770620848287288,0.47198591836349,66.9083762566107
"56864","uncover","sal_prag",0.872311525307413,0.965729472477579,69.1806432980032
"56864","uncover","literal",40.6743278068344,NA,42.761853032932
"56864","uncover","pragmatic",0.790904745722238,0.107049818086166,73.8466346848254
"58601","clear","sal_prag",1.11219529454593,1.0181955624479,62.7440924569538
"58601","clear","literal",48.8518011498731,NA,44.6637811750464
"58601","clear","pragmatic",0.590185546048736,0.14637381251268,66.8246238361394
"58601","cover","sal_prag",1.16478952067752,1.11846658793727,37.3139488506044
"58601","cover","literal",48.8518011498731,NA,23.2809121302963
"58601","cover","pragmatic",0.407532351319626,0.516226007978041,43.7769305778036
"58601","fill","sal_prag",0.87558575150674,0.881002415942124,76.2377068394542
"58601","fill","literal",48.8518011498731,NA,51.2426460818027
"58601","fill","pragmatic",0.274836903950326,0.73132451120352,81.5282852734425
"58601","move","sal_prag",1.44051783695604,0.988687998465767,44.8924165613713
"58601","move","literal",48.8518011498731,NA,28.9444356370777
"58601","move","pragmatic",0.83104915038914,0.0419900126611662,49.6963267817597
"58601","uncover","sal_prag",1.34104451257607,1.22751868871798,42.7645868436455
"58601","uncover","literal",48.8518011498731,NA,27.9388652804731
"58601","uncover","pragmatic",0.101811260863352,0.140183110668291,50.8700000033561
"58637","clear","sal_prag",-1.63061142777143,-0.398456820606563,27.8150463915572
"58637","clear","literal",44.3280605635775,NA,19.8318201450694
"58637","clear","pragmatic",0.428160812675049,0.47240953412227,33.7186531782572
"58637","cover","sal_prag",0.981205923537206,0.870009456317402,89.8753664759496
"58637","cover","literal",44.3280605635775,NA,111.879531309294
"58637","cover","pragmatic",1.63035558814361,13.7108099992076,98.1187985446619
"58637","fill","sal_prag",1.18629652601491,1.98149929820548,83.8816645535347
"58637","fill","literal",44.3280605635775,NA,99.5889795143385
"58637","fill","pragmatic",0.391984321757233,0.819243313024492,96.6806976139484
"58637","move","sal_prag",-0.151850715874942,0.483439615354401,282.709759718202
"58637","move","literal",44.3280605635775,NA,1292.8890715977
"58637","move","pragmatic",0.436519204877594,0.426234836488069,290.975907721329
"58637","uncover","sal_prag",0.791620043992121,1.38428006142517,90.7857453846723
"58637","uncover","literal",44.3280605635775,NA,101.523982478043
"58637","uncover","pragmatic",0.273318907998567,0.851759476577848,95.9351443047087
"58692","clear","sal_prag",2.08152620710265,1.42956291288875,39.5215987170923
"58692","clear","literal",46.6129669038328,NA,29.3896981627305
"58692","clear","pragmatic",0.0882100275841562,0.344797846502097,44.3027812708047
"58692","cover","sal_prag",0.418387562235753,0.779219029066943,96.0876202075105
"58692","cover","literal",46.6129669038328,NA,57.2916246487217
"58692","cover","pragmatic",0.801061020190648,0.359356707505306,99.5349740120221
"58692","fill","sal_prag",0.0878442284146849,0.529694507086104,73.4156865323515
"58692","fill","literal",46.6129669038328,NA,46.1062514655507
"58692","fill","pragmatic",0.600362863503503,0.945673735055534,75.2244692392658
"58692","move","sal_prag",1.48572903465604,1.66073549887021,55.2142913245369
"58692","move","literal",46.6129669038328,NA,38.8605292784028
"58692","move","pragmatic",0.883089466051874,0.893729429322077,64.4172504867655
"58692","uncover","sal_prag",-0.127953167660568,0.625565814163381,80.5354055001895
"58692","uncover","literal",46.6129669038328,NA,49.2902319145683
"58692","uncover","pragmatic",0.959228638872271,0.659631449814395,83.4050681520456
"62686","clear","sal_prag",-0.271833782616804,0.154383973151475,62.5972672059231
"62686","clear","literal",38.3181083269837,NA,42.7476276114476
"62686","clear","pragmatic",0.199171212668155,0.0409382261453467,67.1259481973805
"62686","cover","sal_prag",1.12009993653609,0.939160540060604,40.1384041094793
"62686","cover","literal",38.3181083269837,NA,28.433450260854
"62686","cover","pragmatic",0.66720367694213,0.512266009502931,50.0329853671188
"62686","fill","sal_prag",0.851299662928842,1.57981701829987,78.5970779282551
"62686","fill","literal",38.3181083269837,NA,49.3601384844782
"62686","fill","pragmatic",0.933923829305476,0.332974353485469,81.0836625974087
"62686","move","sal_prag",1.29040637808684,0.941631936837796,71.1479309204362
"62686","move","literal",38.3181083269837,NA,48.0099725438192
"62686","move","pragmatic",0.167638410738839,0.465162978339154,82.6173213905901
"62686","uncover","sal_prag",1.44423404177633,1.15218733788704,38.9949221573576
"62686","uncover","literal",38.3181083269837,NA,25.1213308465292
"62686","uncover","pragmatic",0.293625847130732,0.693765688901394,50.8182488181457
"63576","clear","sal_prag",3.9775874040032,3.30240998732734,34.1378126631579
"63576","clear","literal",45.0144020304427,NA,23.1389510176925
"63576","clear","pragmatic",1.08666881713516,0.387908713260291,38.3021027424553
"63576","cover","sal_prag",-0.288997214516949,0.213806298981558,42.7098953941279
"63576","cover","literal",45.0144020304427,NA,70.1837958101368
"63576","cover","pragmatic",0.175483669312806,0.253933230118725,43.8221820069628
"63576","fill","sal_prag",1.09066865453026,1.21032511551821,67.777148352117
"63576","fill","literal",45.0144020304427,NA,44.207766913703
"63576","fill","pragmatic",0.177085517680222,0.339210069240356,71.1048528636754
"63576","move","sal_prag",1.34825384673137,1.38211777532214,49.454127305513
"63576","move","literal",45.0144020304427,NA,27.7266964423315
"63576","move","pragmatic",0.557365782310634,0.312275608186421,55.0490997203591
"63576","uncover","sal_prag",2.77473174412238,10.8250782936518,57.0612886676041
"63576","uncover","literal",45.0144020304427,NA,33.9569777690639
"63576","uncover","pragmatic",0.823175732944907,0.481407186974148,61.2497007465704
"64140","clear","sal_prag",-0.181190131434952,0.476482602029688,40.2529052972146
"64140","clear","literal",38.2907198681064,NA,28.5437574132781
"64140","clear","pragmatic",0.865473027673053,0.723083675036016,44.7020082355094
"64140","cover","sal_prag",0.580272345464925,1.17820500694148,127.587097707301
"64140","cover","literal",38.2907198681064,NA,80.3746797319743
"64140","cover","pragmatic",0.554370570084319,0.324699817894858,135.059011366238
"64140","fill","sal_prag",1.03417412910696,0.907761265737975,88.7560765305877
"64140","fill","literal",38.2907198681064,NA,62.1220276521638
"64140","fill","pragmatic",0.939662303688826,0.400722442619355,98.1852306128006
"64140","move","sal_prag",1.29075099427188,1.33227405821251,78.0077455882162
"64140","move","literal",38.2907198681064,NA,92.4090813046632
"64140","move","pragmatic",0.551040552295528,0.915725584759954,91.0948360517622
"64140","uncover","sal_prag",1.29766842905156,1.06222784070469,47.7270701202192
"64140","uncover","literal",38.2907198681064,NA,34.3482174556878
"64140","uncover","pragmatic",0.908435569687493,0.891368973728903,62.6064513946983
"66473","clear","sal_prag",1.21259922867183,1.28633191069891,61.4846251407474
"66473","clear","literal",48.4494391437667,NA,44.8223862052231
"66473","clear","pragmatic",0.786546308828287,0.488024244965338,67.4977898292106
"66473","cover","sal_prag",-0.237646101616306,0.583938287169273,70.838363883544
"66473","cover","literal",48.4494391437667,NA,143.028744244091
"66473","cover","pragmatic",0.811621702925114,0.0860579141422739,78.1955443813043
"66473","fill","sal_prag",1.06724624080529,0.696220530106368,74.6382364338712
"66473","fill","literal",48.4494391437667,NA,51.7606689724398
"66473","fill","pragmatic",0.891202721684788,0.318499755785489,82.7434793807694
"66473","move","sal_prag",0.961031802778949,0.851071709597713,76.9715981745092
"66473","move","literal",48.4494391437667,NA,236.394036305709
"66473","move","pragmatic",0.58108196867881,0.853047082943648,78.4120690544905
"66473","uncover","sal_prag",2.02417875826612,3.95291502769682,60.5294800085691
"66473","uncover","literal",48.4494391437667,NA,39.3239573739334
"66473","uncover","pragmatic",0.740387215934656,0.389339590213297,68.4255377959384
"67505","clear","sal_prag",1.09568238752454,1.28957175731058,59.8840910877113
"67505","clear","literal",39.1683716745941,NA,39.9342168946876
"67505","clear","pragmatic",0.45479857658542,0.581285203304752,61.2640978275261
"67505","cover","sal_prag",1.18327990615915,1.19220372093802,37.3948936003063
"67505","cover","literal",39.1683716745941,NA,24.3442702097916
"67505","cover","pragmatic",0.35656445799989,0.0694720660185228,44.5133040771237
"67505","fill","sal_prag",0.0160352945896033,0.616130746534535,126.357390555153
"67505","fill","literal",39.1683716745941,NA,190.253773086943
"67505","fill","pragmatic",0.441398018913028,0.203837763703511,128.983576747626
"67505","move","sal_prag",0.58574021279353,0.795947686350468,124.090076038396
"67505","move","literal",39.1683716745941,NA,117.598608087652
"67505","move","pragmatic",0.597954835152205,56.6903931398331,122.745903172224
"67505","uncover","sal_prag",3.14386717075858,9.24064359096436,69.5562449941895
"67505","uncover","literal",39.1683716745941,NA,40.5854135673475
"67505","uncover","pragmatic",0.758363919553905,0.827781695892724,72.6589393353361
"67590","clear","sal_prag",1.23466280189347,1.20087079101652,74.7296440907122
"67590","clear","literal",41.8324752655648,NA,54.8141288055141
"67590","clear","pragmatic",0.729351934645506,0.678856984595773,82.523758219563
"67590","cover","sal_prag",-0.255428492146563,0.802421114327456,65.3286051675645
"67590","cover","literal",41.8324752655648,NA,42.183488026307
"67590","cover","pragmatic",0.238048221146675,0.148098948520015,72.5769392830061
"67590","fill","sal_prag",0.699574065643186,1.16513124676553,78.8412341984895
"67590","fill","literal",41.8324752655648,NA,50.7265607714461
"67590","fill","pragmatic",0.207355613045968,0.536386853917059,81.7415146307458
"67590","move","sal_prag",1.63875210355256,1.54087140979415,56.0555397321046
"67590","move","literal",41.8324752655648,NA,37.0465496168183
"67590","move","pragmatic",0.884330589934162,0.851527222032761,66.7516156289441
"67590","uncover","sal_prag",2.49116297537157,3.63366875381305,53.2199454942966
"67590","uncover","literal",41.8324752655648,NA,37.2806548788694
"67590","uncover","pragmatic",0.817800425533373,0.101668885657787,67.8199726947021
"68825","clear","sal_prag",1.20699192902606,1.01345204146309,43.7264581902175
"68825","clear","literal",43.0479102976238,NA,32.2800699206267
"68825","clear","pragmatic",0.248152415091453,0.79831613104067,50.3002958205149
"68825","cover","sal_prag",-0.158902136973488,0.64206776199475,65.0130396208143
"68825","cover","literal",43.0479102976238,NA,40.6635204923736
"68825","cover","pragmatic",0.758412328912061,0.969710924134385,66.7033997080813
"68825","fill","sal_prag",0.102844963058257,0.532033133348093,75.1260804355188
"68825","fill","literal",43.0479102976238,NA,47.3529857797659
"68825","fill","pragmatic",0.136078253411637,0.115439757962147,76.9188566199157
"68825","move","sal_prag",1.66100345166861,2.67843397331205,89.1241086190825
"68825","move","literal",43.0479102976238,NA,56.1536384438958
"68825","move","pragmatic",0.712709957750076,0.482413104484094,97.3151458236051
"68825","uncover","sal_prag",0.574354367907306,0.823013253543154,96.0843960589185
"68825","uncover","literal",43.0479102976238,NA,101.873634272261
"68825","uncover","pragmatic",0.896313140211027,0.75715755985458,100.715503921806
"70176","clear","sal_prag",-2.32031519890295,2.75390289014838e-15,30.1817377602131
"70176","clear","literal",42.4058711629686,NA,24.7370949235078
"70176","clear","pragmatic",1.69312627508845,31.4312508171568,28.7412019002857
"70176","cover","sal_prag",1.29518447522257,1.29561242767449,33.4327392683996
"70176","cover","literal",42.4058711629686,NA,21.2395238465491
"70176","cover","pragmatic",0.230207613469962,1.0078647742401,38.7325349337022
"70176","fill","sal_prag",0.0596271332049784,0.473441083369934,68.3739412354008
"70176","fill","literal",42.4058711629686,NA,43.3599800516283
"70176","fill","pragmatic",0.278642990128651,1.37012423539203,69.9513292926146
"70176","move","sal_prag",0.853171185719558,0.810752800054061,52.3554915385254
"70176","move","literal",42.4058711629686,NA,28.5633559045136
"70176","move","pragmatic",0.484652796619757,0.613966842695255,54.442739246426
"70176","uncover","sal_prag",88.4364737267356,135.150949982643,28.5246280493061
"70176","uncover","literal",42.4058711629686,NA,20.666466887903
"70176","uncover","pragmatic",0.277835384613792,0.695189052971825,39.0619955471951
"71814","clear","sal_prag",-1.55985125097434,-0.423082027224877,69.973032290169
"71814","clear","literal",4.17292716865361,NA,56.8486625135014
"71814","clear","pragmatic",0.788404812128005,146.326453968227,74.5706812824077
"71814","cover","sal_prag",0.688892255015029,0.598023045961384,187.081814248294
"71814","cover","literal",4.17292716865361,NA,217.959398123214
"71814","cover","pragmatic",0.38941880890151,0.833703972984298,190.53504103145
"71814","fill","sal_prag",0.524492660996331,0.954324048798939,120.407331746179
"71814","fill","literal",4.17292716865361,NA,100.879776428684
"71814","fill","pragmatic",0.803820232886439,0.0529114687794452,122.480699722574
"71814","move","sal_prag",1.30787359344985,1.71936953621564,135.017252267764
"71814","move","literal",4.17292716865361,NA,134.968469923698
"71814","move","pragmatic",0.359367416494553,0.30839458609338,140.550289099579
"71814","uncover","sal_prag",2.83640805777491,4.20151815972302,65.5245518833895
"71814","uncover","literal",4.17292716865361,NA,46.7553490036338
"71814","uncover","pragmatic",1.00480282643799,0.889858712299302,68.0429612315374
"73406","clear","sal_prag",1.4824801144651,1.53525685373126,57.6115408602602
"73406","clear","literal",43.8290886091513,NA,38.9533876416759
"73406","clear","pragmatic",0.735536352386741,0.205948022390344,61.631229572731
"73406","cover","sal_prag",0.940789135037151,0.973604771065582,67.4408147058433
"73406","cover","literal",43.8290886091513,NA,133.419686913437
"73406","cover","pragmatic",0.491719556638763,0.52325784761103,72.7277359511229
"73406","fill","sal_prag",1.03687679948601,1.01755780415891,73.2641312232829
"73406","fill","literal",43.8290886091513,NA,52.4760956908529
"73406","fill","pragmatic",0.651721920469226,0.51156654530571,82.587085874416
"73406","move","sal_prag",1.97842233747045,1.64739666315751,51.0811099254674
"73406","move","literal",43.8290886091513,NA,32.5782740969186
"73406","move","pragmatic",0.43776332530049,0.272804627468288,56.254696159891
"73406","uncover","sal_prag",3.92626228857456,3.93439659375714,32.2950583408702
"73406","uncover","literal",43.8290886091513,NA,63.9314853587695
"73406","uncover","pragmatic",0.578783510195637,0.545876966866024,39.5947912862757
"74045","clear","sal_prag",-1.11741070629394,2.41696039928605e-07,45.2698106750741
"74045","clear","literal",46.7826828998365,NA,31.445423177793
"74045","clear","pragmatic",0.791407266195646,0.960194648473836,50.0004575740124
"74045","cover","sal_prag",1.01715596518964,1.01233487366372,59.4248684169217
"74045","cover","literal",46.7826828998365,NA,44.164031361685
"74045","cover","pragmatic",0.576217167737143,0.369041084750586,72.3328800485505
"74045","fill","sal_prag",0.0978808180861346,0.554550696998326,85.7018847952745
"74045","fill","literal",46.7826828998365,NA,53.6165937793265
"74045","fill","pragmatic",0.879433953988614,0.24066750217092,87.6506500036392
"74045","move","sal_prag",1.22261073299438,0.880316776137822,57.8914198109469
"74045","move","literal",46.7826828998365,NA,36.7590776063356
"74045","move","pragmatic",0.274566707162483,0.654905451963202,66.4678159782092
"74045","uncover","sal_prag",-0.141674633879529,0.552842624583301,59.5075116504875
"74045","uncover","literal",46.7826828998365,NA,125.434603224242
"74045","uncover","pragmatic",0.0904173426499071,0.0489451155075986,62.5546552750034
"74257","clear","sal_prag",-0.0978075528261162,0.0938299827687678,199.649844256816
"74257","clear","literal",1.05649377507465,NA,195.637750675047
"74257","clear","pragmatic",0.167494258612219,0.882977780726454,202.045161354262
"74257","cover","sal_prag",1.21014993515038,1.05400940296526,50.479111082031
"74257","cover","literal",1.05649377507465,NA,49.4579173682851
"74257","cover","pragmatic",0.254962616095193,0.198941618102904,56.5181367651379
"74257","fill","sal_prag",0.887576943819939,1.20169536951574,143.435920084816
"74257","fill","literal",1.05649377507465,NA,136.073971294242
"74257","fill","pragmatic",0.228669202662006,0.268541439140133,149.826576909045
"74257","move","sal_prag",1.43242722407248,1.24127081836016,72.6587100149133
"74257","move","literal",1.05649377507465,NA,65.5963819510622
"74257","move","pragmatic",0.101665338365216,0.916616659525445,77.797900353768
"74257","uncover","sal_prag",1.32215148580243,1.62448460281783,81.4111537761951
"74257","uncover","literal",1.05649377507465,NA,78.6745107296943
"74257","uncover","pragmatic",0.27787577235385,0.0753028784282593,90.8036281944785
"75842","clear","sal_prag",1.05795930106411,0.589571112131858,58.8866322287034
"75842","clear","literal",44.5911049290627,NA,44.8745022063621
"75842","clear","pragmatic",0.833138364962954,66.6202760191112,54.4738091294789
"75842","cover","sal_prag",1.20704250873057,1.17283238918922,48.0067695186555
"75842","cover","literal",44.5911049290627,NA,34.5208818696901
"75842","cover","pragmatic",0.58818408773746,0.548454112778967,55.7449269829498
"75842","fill","sal_prag",0.222167031755858,0.681994519899852,91.6035520353178
"75842","fill","literal",44.5911049290627,NA,58.1417293744912
"75842","fill","pragmatic",0.411263408302687,0.466713099329958,93.6916536877412
"75842","move","sal_prag",0.514962177468186,0.771718644212974,59.0845765645371
"75842","move","literal",44.5911049290627,NA,28.4616194751043
"75842","move","pragmatic",0.483264005390613,0.619695961837238,60.7664607848093
"75842","uncover","sal_prag",1.8619407501193,1.52992030243522,35.5937120469817
"75842","uncover","literal",44.5911049290627,NA,21.870439692229
"75842","uncover","pragmatic",0.197828940151151,0.599383953433623,39.573689472783
"78276","clear","sal_prag",-1.72832925359749,-1.11762984301673e-11,43.3548871885611
"78276","clear","literal",44.0678795005249,NA,31.2518076143803
"78276","clear","pragmatic",0.353291822934475,1.04590157308464,50.444200541129
"78276","cover","sal_prag",261.882991549246,851.903385652365,60.4751099410653
"78276","cover","literal",44.0678795005249,NA,86.616441891236
"78276","cover","pragmatic",0.403984915799547,0.00773849887622929,65.7052252227576
"78276","fill","sal_prag",0.970831305535533,1.28334404336467,88.9599283996322
"78276","fill","literal",44.0678795005249,NA,99.6545326243001
"78276","fill","pragmatic",0.731775601730126,1.00061119350406,92.9563228458589
"78276","move","sal_prag",0.480836553414278,0.727751538310114,92.5996279560584
"78276","move","literal",44.0678795005249,NA,54.0732121963204
"78276","move","pragmatic",0.846123758191645,0.856794120340923,95.3450221198762
"78276","uncover","sal_prag",1.14880257850333,1.18738687245876,58.2270009518643
"78276","uncover","literal",44.0678795005249,NA,32.5269299985582
"78276","uncover","pragmatic",0.487401419628811,0.251433911210292,62.4008869799211
"79463","clear","sal_prag",1.55018812910119,1.60306467403492,64.9732493251431
"79463","clear","literal",41.7930520021566,NA,46.7432227167263
"79463","clear","pragmatic",0.232369655669773,0.989005220340776,72.368959352419
"79463","cover","sal_prag",0.0992081146966429,0.407623634055363,44.0002168440658
"79463","cover","literal",41.7930520021566,NA,27.5578487098425
"79463","cover","pragmatic",0.845233074252924,0.335877704605658,45.0100764536823
"79463","fill","sal_prag",0.154263189455329,0.555230239371965,80.6272311536356
"79463","fill","literal",41.7930520021566,NA,51.1541599853906
"79463","fill","pragmatic",0.421069028817225,0.896369907807945,82.519374749397
"79463","move","sal_prag",1.36469462380425,1.069890296779,47.0760096040745
"79463","move","literal",41.7930520021566,NA,27.7963775758265
"79463","move","pragmatic",0.913951785676911,0.103574202377587,50.6395764957673
"79463","uncover","sal_prag",1.00892983162671,0.827060524034579,45.4388157621326
"79463","uncover","literal",41.7930520021566,NA,27.6470594908374
"79463","uncover","pragmatic",0.38483031786091,0.0145378677054723,51.3394184816562
"79869","clear","sal_prag",-0.0747233664105188,0.270046951163998,27.2644059984472
"79869","clear","literal",42.9403055868805,NA,17.1237699439672
"79869","clear","pragmatic",0.358266203336683,0.933806564083589,27.9265942836841
"79869","cover","sal_prag",1.23235133134865,1.92519451835857,52.7026266101037
"79869","cover","literal",42.9403055868805,NA,36.096687003356
"79869","cover","pragmatic",0.574170859913925,0.30057202027903,61.1679678533559
"79869","fill","sal_prag",0.129027243561436,0.518959611735696,69.8635315602512
"79869","fill","literal",42.9403055868805,NA,44.7355771091754
"79869","fill","pragmatic",0.425000724062656,0.0806367731328937,71.5921226513155
"79869","move","sal_prag",1.42066544875015,1.29862486648459,60.4837268987074
"79869","move","literal",42.9403055868805,NA,37.6037605670143
"79869","move","pragmatic",1.37437935384476,2.53106454231021,65.1701938679936
"79869","uncover","sal_prag",1.19441667148671,0.921335660562446,43.6251707273667
"79869","uncover","literal",42.9403055868805,NA,29.6649577151837
"79869","uncover","pragmatic",0.907539627183854,0.874382530267329,50.7885038423285
"80393","clear","sal_prag",-0.135131524858436,0.390069415593307,52.7181558745721
"80393","clear","literal",45.0066854566851,NA,34.9644035951116
"80393","clear","pragmatic",0.868920770243809,0.272708005453222,55.3677236904543
"80393","cover","sal_prag",1.15995304503559,1.1555814738096,44.1702377871219
"80393","cover","literal",45.0066854566851,NA,31.167401623784
"80393","cover","pragmatic",0.478529809414034,0.628224352022252,50.11767794371
"80393","fill","sal_prag",0.79826472581201,1.25471979781524,83.9485984305248
"80393","fill","literal",45.0066854566851,NA,52.9592693108287
"80393","fill","pragmatic",0.638116332835508,0.854766141649727,87.7022940558772
"80393","move","sal_prag",1.43927818267399,1.1085281208217,54.0344243550682
"80393","move","literal",45.0066854566851,NA,37.8879823577531
"80393","move","pragmatic",0.586426503825582,1.00483421864703,66.3601903973972
"80393","uncover","sal_prag",1.36453341428117,1.1712728109552,48.5345215403359
"80393","uncover","literal",45.0066854566851,NA,31.2909932332472
"80393","uncover","pragmatic",0.513542734754519,0.39709137216884,56.1079305648651
"82980","clear","sal_prag",2.69325123425197,2.44460762522032,46.3119424307626
"82980","clear","literal",41.9327676416377,NA,35.1704416785229
"82980","clear","pragmatic",0.670445700416861,0.0140218820124871,50.8554114571107
"82980","cover","sal_prag",1.14873997296058,0.781982350645136,39.6051638008697
"82980","cover","literal",41.9327676416377,NA,32.2568550742739
"82980","cover","pragmatic",0.435382268847826,0.666675237476744,50.5348924170703
"82980","fill","sal_prag",0.304502666572829,0.609412478878532,75.915281131648
"82980","fill","literal",41.9327676416377,NA,48.9390967680317
"82980","fill","pragmatic",0.816413436378535,0.875317681321443,77.3428623679038
"82980","move","sal_prag",1.57115112736126,1.68520940321915,73.259584742505
"82980","move","literal",41.9327676416377,NA,83.176176002868
"82980","move","pragmatic",0.423197562337466,0.842923272867715,83.1759912648409
"82980","uncover","sal_prag",1.69519722145052,2.05042627677578,32.8568119544877
"82980","uncover","literal",41.9327676416377,NA,20.2201797852746
"82980","uncover","pragmatic",0.726807257442121,0.914353110041479,39.1726905669204
"84838","clear","sal_prag",-25.8706972539938,177.183721779315,61.6598050305096
"84838","clear","literal",44.5618376987864,NA,42.8245886525837
"84838","clear","pragmatic",0.24150627869892,0.492321266275505,67.3453042453065
"84838","cover","sal_prag",0.973062515988179,1.10985088168313,62.321744175427
"84838","cover","literal",44.5618376987864,NA,84.7633112369191
"84838","cover","pragmatic",0.156090854134117,0.146039731772028,66.5043901716884
"84838","fill","sal_prag",0.201072120423731,0.697381297065719,85.0832198868312
"84838","fill","literal",44.5618376987864,NA,54.8280538684643
"84838","fill","pragmatic",0.37676511161459,0.41735232277416,87.2259823007939
"84838","move","sal_prag",1.04824075713016,1.32350940258664,66.4687389469408
"84838","move","literal",44.5618376987864,NA,33.0496877314531
"84838","move","pragmatic",0.979284722867251,0.318781637046671,71.9585492157551
"84838","uncover","sal_prag",2.14343640217904,2.33389665782508,60.3728131002652
"84838","uncover","literal",44.5618376987864,NA,177.234071956617
"84838","uncover","pragmatic",0.260927524553901,1.00437110264226,73.208636291264
"85609","clear","sal_prag",-1.62370906660158,-0.391297893416221,39.6567415248316
"85609","clear","literal",40.0302923171794,NA,28.0566483161294
"85609","clear","pragmatic",0.791817193144276,0.0192023765424101,43.8914538769046
"85609","cover","sal_prag",1.03414995888937,0.751017279039137,40.7383784611651
"85609","cover","literal",40.0302923171794,NA,28.8160430005524
"85609","cover","pragmatic",0.97060199087889,0.682692193451527,53.5637955609523
"85609","fill","sal_prag",0.966222715117093,2.04085576458578,75.8501758888116
"85609","fill","literal",40.0302923171794,NA,47.3389137623391
"85609","fill","pragmatic",0.813985400518738,0.744768287881637,79.4503353551808
"85609","move","sal_prag",1.1793359951694,1.01444126556603,70.6193186007627
"85609","move","literal",40.0302923171794,NA,46.8883928292374
"85609","move","pragmatic",0.143172583471689,0.802694380391276,76.6395205110585
"85609","uncover","sal_prag",-0.1310066589136,0.364622605877098,53.5128718151936
"85609","uncover","literal",40.0302923171794,NA,31.0707297283516
"85609","uncover","pragmatic",0.837835694158057,0.180041662602984,55.4531250857391
"85713","clear","sal_prag",1.0118128304679,0.656428490028725,52.2699598442478
"85713","clear","literal",53.2560590385702,NA,36.5330195130254
"85713","clear","pragmatic",0.356753888385772,0.921082292256805,55.7728778431725
"85713","cover","sal_prag",1.12673953014438,0.844528509987441,32.9620177765676
"85713","cover","literal",53.2560590385702,NA,25.024748451123
"85713","cover","pragmatic",0.877875855162103,0.599544590210551,44.0254346649855
"85713","fill","sal_prag",-0.00760044603701881,0.499942848968831,91.9443525991238
"85713","fill","literal",53.2560590385702,NA,59.488429838979
"85713","fill","pragmatic",0.388712043393261,0.873023176374293,93.8251415110833
"85713","move","sal_prag",0.960083776495621,0.790796177483566,93.4565437411659
"85713","move","literal",53.2560590385702,NA,63.0145586854554
"85713","move","pragmatic",0.212956925894933,0.941989399098455,101.002611688978
"85713","uncover","sal_prag",0.817035030643478,0.92885349028795,58.7865041405951
"85713","uncover","literal",53.2560590385702,NA,35.082186630768
"85713","uncover","pragmatic",0.658462615949753,0.92574989283286,62.0421623165554
"86933","clear","sal_prag",-29.2840386653982,-0.416827243104778,19.2841085028045
"86933","clear","literal",39.2149253855346,NA,17.1237699439672
"86933","clear","pragmatic",1.86673664252512,46.2776598395277,23.1879661002085
"86933","cover","sal_prag",1.18660531412997,1.05048260857252,51.4586273083477
"86933","cover","literal",39.2149253855346,NA,42.0057014348179
"86933","cover","pragmatic",0.575961964327611,0.53426978996555,66.157448837121
"86933","fill","sal_prag",0.0982163557261944,0.502129791276679,81.0638757862367
"86933","fill","literal",39.2149253855346,NA,91.2716910514496
"86933","fill","pragmatic",0.371272400704886,0.799938200232416,82.6569425930899
"86933","move","sal_prag",0.89446491219201,0.669409899074662,78.7555031389725
"86933","move","literal",39.2149253855346,NA,91.3003576417148
"86933","move","pragmatic",0.152332459685328,0.157812701349858,82.5443739989509
"86933","uncover","sal_prag",1.0924202429362,0.986327509119006,50.2578627127695
"86933","uncover","literal",39.2149253855346,NA,32.0699081200316
"86933","uncover","pragmatic",0.100610798183674,0.34233390320051,55.9846011091235
"87384","clear","sal_prag",-0.147399485207096,0.316109982434683,47.4718167364037
"87384","clear","literal",49.8050213638631,NA,32.4836720309544
"87384","clear","pragmatic",0.497239500071881,0.252152018939522,49.8860283684864
"87384","cover","sal_prag",0.902417468295424,1.02248450911017,82.2513485150002
"87384","cover","literal",49.8050213638631,NA,156.386941517895
"87384","cover","pragmatic",0.96212538508672,0.917383878459488,92.2975032857623
"87384","fill","sal_prag",0.925568714931192,0.583760718490347,70.5256897391797
"87384","fill","literal",49.8050213638631,NA,43.7990755531336
"87384","fill","pragmatic",0.756651215883465,0.935252715802644,76.7720846741851
"87384","move","sal_prag",1.17574612089136,1.14556792448515,72.4217033174925
"87384","move","literal",49.8050213638631,NA,46.7074526386723
"87384","move","pragmatic",0.819635395740547,0.914570983824614,82.1283971161234
"87384","uncover","sal_prag",-0.50529936948943,0.67355530750993,82.3027014172906
"87384","uncover","literal",49.8050213638631,NA,49.5817070710384
"87384","uncover","pragmatic",0.501211111195032,0.762131298353281,89.8059681625455
"88653","clear","sal_prag",-0.186159861149981,0.250283098956096,50.5619721878204
"88653","clear","literal",43.8804529821247,NA,34.6808966082906
"88653","clear","pragmatic",0.710585780424908,0.745613172325553,53.7655126673859
"88653","cover","sal_prag",1.10709169206096,1.41897538074356,48.5736803322679
"88653","cover","literal",43.8804529821247,NA,75.345224798919
"88653","cover","pragmatic",1.02592869779815,0.00639073576521968,58.6732125759847
"88653","fill","sal_prag",1.06772033423811,1.07456796765945,78.9234751395645
"88653","fill","literal",43.8804529821247,NA,142.808352850323
"88653","fill","pragmatic",0.11323405385962,0.262643415157383,94.4325834901681
"88653","move","sal_prag",1.30448970023749,0.985261027570552,62.4684678783318
"88653","move","literal",43.8804529821247,NA,38.6963482148441
"88653","move","pragmatic",0.808249907492682,0.291808290566176,71.1183400852287
"88653","uncover","sal_prag",0.823197648167381,0.699435052732516,79.3335355824024
"88653","uncover","literal",43.8804529821247,NA,226.22498614567
"88653","uncover","pragmatic",0.89924347591641,0.373215831916698,83.7705243854761
"89675","clear","sal_prag",-1.62593603171954,3.92264366797028e-09,37.0311983244428
"89675","clear","literal",50.0200703205538,NA,27.8506102327182
"89675","clear","pragmatic",0.396281457811393,0.615837712980565,45.1433532605948
"89675","cover","sal_prag",1.1649410556354,0.940904263109012,52.7614459720997
"89675","cover","literal",50.0200703205538,NA,39.9542836744622
"89675","cover","pragmatic",0.92828581940509,0.621769984090208,67.369514398404
"89675","fill","sal_prag",0.12426732696072,0.542753453190796,80.3147740735956
"89675","fill","literal",50.0200703205538,NA,51.2909529100326
"89675","fill","pragmatic",0.57935411717858,0.820283255193256,82.1223105041192
"89675","move","sal_prag",0.994508098940182,1.0146209793317,73.9626540599218
"89675","move","literal",50.0200703205538,NA,50.4596089335802
"89675","move","pragmatic",0.385424695379768,0.20555551917638,83.3594123947932
"89675","uncover","sal_prag",1.42911360666432,1.49164657784874,42.3777214122682
"89675","uncover","literal",50.0200703205538,NA,25.1378770837116
"89675","uncover","pragmatic",0.159902819283466,0.119644458864816,45.2061560360523
"91484","clear","sal_prag",-2.02587343638341,-0.405842737110432,26.0259281106449
"91484","clear","literal",50.7392351479468,NA,20.1195022175211
"91484","clear","pragmatic",0.683508935676741,0.741431349430618,33.8647412023648
"91484","cover","sal_prag",1.43917178586318,1.44924041015386,43.5618167907423
"91484","cover","literal",50.7392351479468,NA,81.8680940122508
"91484","cover","pragmatic",0.705011916556169,0.33714537234819,50.1417338785991
"91484","fill","sal_prag",0.893639531896424,1.62646186251257,79.1547740097962
"91484","fill","literal",50.7392351479468,NA,50.0242951532184
"91484","fill","pragmatic",0.995254985772891,0.265378870695939,81.8773558980463
"91484","move","sal_prag",1.23049955858436,0.938355140326376,52.728568209264
"91484","move","literal",50.7392351479468,NA,33.6472549589811
"91484","move","pragmatic",0.865044299178695,0.987715025830369,55.5249008463899
"91484","uncover","sal_prag",2.14947899603205,2.48755835766017,48.4697394645083
"91484","uncover","literal",50.7392351479468,NA,34.2417284266501
"91484","uncover","pragmatic",0.734586110900676,0.666946997574745,62.4200470134336
"91733","clear","sal_prag",1.04363224225743,0.786413512226103,46.0830181838673
"91733","clear","literal",52.1865269329277,NA,31.2222796264788
"91733","clear","pragmatic",0.51503323168626,0.280043879120933,49.1501275460191
"91733","cover","sal_prag",0.659753007081203,0.685042645111429,59.4117861011014
"91733","cover","literal",52.1865269329277,NA,87.1200212268565
"91733","cover","pragmatic",0.141373812816713,0.636089472215826,61.4390443338248
"91733","fill","sal_prag",0.722628612030708,0.910985955754959,95.166479615417
"91733","fill","literal",52.1865269329277,NA,62.1770969676167
"91733","fill","pragmatic",0.32512345652431,0.58887744344228,99.0695543939361
"91733","move","sal_prag",1.31898271514923,1.34362776744321,70.7769565638442
"91733","move","literal",52.1865269329277,NA,46.1596472519606
"91733","move","pragmatic",0.349678165883662,0.118328209424604,77.4491579306018
"91733","uncover","sal_prag",1.1445880932413,1.07373997029299,105.721189922057
"91733","uncover","literal",52.1865269329277,NA,697.090304169906
"91733","uncover","pragmatic",1.29370528912345,11.1090001235857,106.879439448426
"92567","clear","sal_prag",1.25760971153079,1.09511309603494,51.5405000423222
"92567","clear","literal",35.4827794959907,NA,34.6880155292786
"92567","clear","pragmatic",0.419554186215542,0.608550903788025,55.1820030239205
"92567","cover","sal_prag",-0.228560023807848,1.19259299756571,40.6385804969504
"92567","cover","literal",35.4827794959907,NA,26.7591780130515
"92567","cover","pragmatic",0.932048573567511,0.710222226693063,44.3121500572087
"92567","fill","sal_prag",0.246446732499738,0.54228939207357,70.4174253201365
"92567","fill","literal",35.4827794959907,NA,45.913412470664
"92567","fill","pragmatic",0.642790984026639,0.00724656721082829,71.9928775448557
"92567","move","sal_prag",0.983720914839642,0.981473411138884,76.224122949096
"92567","move","literal",35.4827794959907,NA,50.554645125397
"92567","move","pragmatic",0.910414579490453,0.396708206398197,82.1056020898183
"92567","uncover","sal_prag",-0.450471072456242,3.6599335045884,67.4077285176758
"92567","uncover","literal",35.4827794959907,NA,76.4528730596946
"92567","uncover","pragmatic",0.368572408142563,0.876756609373562,72.9221439273288
"93884","clear","sal_prag",-0.0595989958107079,0.337992385296369,82.1262201683711
"93884","clear","literal",4.17097409695389,NA,60.3970657450868
"93884","clear","pragmatic",0.0919791843913928,0.643413242768512,83.5794815437987
"93884","cover","sal_prag",1.29420285282989,1.3045157545421,44.9509481929407
"93884","cover","literal",4.17097409695389,NA,31.8766617582381
"93884","cover","pragmatic",0.452705173826468,0.0422914851438554,54.9825787108517
"93884","fill","sal_prag",-0.0413909877176747,0.400940581560234,74.9664430005466
"93884","fill","literal",4.17097409695389,NA,47.8919401615412
"93884","fill","pragmatic",0.409891259558023,0.658876512212173,76.483279958199
"93884","move","sal_prag",1.02613942748586,1.25129133307568,89.6305014970797
"93884","move","literal",4.17097409695389,NA,67.9064347079814
"93884","move","pragmatic",0.642274222050147,0.0910276458447654,96.4892518219656
"93884","uncover","sal_prag",0.81648750892212,0.718813216041229,78.3058470064215
"93884","uncover","literal",4.17097409695389,NA,48.4903544297105
"93884","uncover","pragmatic",0.967019512684531,5.63553212745112,83.3346189952719
"93940","clear","sal_prag",1.55687682148182,1.26031714333423,34.2539663199126
"93940","clear","literal",40.5967357693994,NA,22.946579125045
"93940","clear","pragmatic",0.768995966374612,0.997275437396056,38.2645456123138
"93940","cover","sal_prag",1.16097236941399,0.936883382941536,32.1531490179248
"93940","cover","literal",40.5967357693994,NA,20.5567690060794
"93940","cover","pragmatic",0.694500658942856,0.123449289453733,38.3021255405688
"93940","fill","sal_prag",0.616218050457307,0.796389398091781,76.3429339706564
"93940","fill","literal",40.5967357693994,NA,45.3377095757448
"93940","fill","pragmatic",0.648077287803841,0.594822706427107,79.3819625383295
"93940","move","sal_prag",1.1867841328724,1.11527706932854,59.3620258420067
"93940","move","literal",40.5967357693994,NA,36.3647004619628
"93940","move","pragmatic",0.406087408702651,0.0507512921122115,66.4715695491364
"93940","uncover","sal_prag",0.916878256966837,0.879113641839696,66.2537819152626
"93940","uncover","literal",40.5967357693994,NA,43.6497442902844
"93940","uncover","pragmatic",0.605219923634056,0.896128783421178,72.8219740716687
"93952","clear","sal_prag",1.273298898258,1.16667261748453,53.3807743921457
"93952","clear","literal",36.3012917106512,NA,37.8139533584875
"93952","clear","pragmatic",0.275121992954108,0.30263086332554,56.5918678741414
"93952","cover","sal_prag",0.921967636242137,0.922060153926412,57.2226606350862
"93952","cover","literal",36.3012917106512,NA,37.5334677043445
"93952","cover","pragmatic",0.719677482761176,0.249415823882638,61.8751506768081
"93952","fill","sal_prag",0.941446028460604,0.849821566265129,68.2906301723788
"93952","fill","literal",36.3012917106512,NA,44.081685075232
"93952","fill","pragmatic",0.79583216099842,0.297635830521669,72.0242725446019
"93952","move","sal_prag",1.01712275747321,0.865609086042469,50.0003570505556
"93952","move","literal",36.3012917106512,NA,30.2644184505245
"93952","move","pragmatic",0.422903212345299,0.394673336492169,56.6339926766792
"93952","uncover","sal_prag",1.44051066030498,1.57735486148893,35.4810521012403
"93952","uncover","literal",36.3012917106512,NA,21.0902811346794
"93952","uncover","pragmatic",0.565350743418305,0.77418630833383,39.9158128703278
"94317","clear","sal_prag",-2.52834350697243,13.0470616646346,39.0023931474595
"94317","clear","literal",39.7767453704162,NA,25.6036549601629
"94317","clear","pragmatic",0.441509972336892,0.865054949441037,43.4590949975503
"94317","cover","sal_prag",0.921301020790133,2.26100922344449,90.1158373486121
"94317","cover","literal",39.7767453704162,NA,100.962599923969
"94317","cover","pragmatic",0.0608228845220493,0.104668570375577,101.965254645032
"94317","fill","sal_prag",0.168168484060758,0.597754252579369,99.7639057456976
"94317","fill","literal",39.7767453704162,NA,181.260034005587
"94317","fill","pragmatic",0.306097293522409,0.473674100355521,101.815975950697
"94317","move","sal_prag",2.44891430327658,5.10325748151627,109.42287667578
"94317","move","literal",39.7767453704162,NA,70.3820233407202
"94317","move","pragmatic",0.614360363000932,0.706011610064529,113.162965119017
"94317","uncover","sal_prag",2.74256810954843,3.31899173929588,58.1881404313128
"94317","uncover","literal",39.7767453704162,NA,118.546571863649
"94317","uncover","pragmatic",0.900222010111769,0.800267589312568,71.2245451226384
"96815","clear","sal_prag",-1.6914451200451,-0.3554906004026,51.1748116818809
"96815","clear","literal",54.2929398753132,NA,33.7480082707871
"96815","clear","pragmatic",0.949692595825855,0.0622595522989758,55.5588984448886
"96815","cover","sal_prag",1.76326219453369,2.11221698374855,38.961661862574
"96815","cover","literal",54.2929398753132,NA,27.7608035847615
"96815","cover","pragmatic",0.892095594206937,0.535564227383463,44.5241471943989
"96815","fill","sal_prag",0.707639300936149,0.813949178839108,83.9732024127273
"96815","fill","literal",54.2929398753132,NA,55.1565579354363
"96815","fill","pragmatic",0.279145302683685,0.199062718156791,87.970696312801
"96815","move","sal_prag",0.651221733436718,0.587566287036003,54.4928215787508
"96815","move","literal",54.2929398753132,NA,29.5133703944813
"96815","move","pragmatic",0.412928915375581,0.957599441998711,55.9467465108781
"96815","uncover","sal_prag",0.884699934132446,1.04785880939266,56.5924806011809
"96815","uncover","literal",54.2929398753132,NA,39.7915888190341
"96815","uncover","pragmatic",0.977027418024257,0.130012903322895,67.5054592609776
"97122","clear","sal_prag",-4.73244979815127,-0.365739995325918,44.2946329581777
"97122","clear","literal",2.27896998278121,NA,49.5454428386843
"97122","clear","pragmatic",0.423025296516023,0.531711601126469,56.6222061889672
"97122","cover","sal_prag",0.728936601812694,0.579736439360715,117.108208826698
"97122","cover","literal",2.27896998278121,NA,120.748627453435
"97122","cover","pragmatic",0.273183265844166,0.0907971125660659,119.017614540486
"97122","fill","sal_prag",0.595126488863636,0.810245791921174,90.8307718628839
"97122","fill","literal",2.27896998278121,NA,67.4461391057078
"97122","fill","pragmatic",0.974285026539736,32.1756105485321,88.4252410051043
"97122","move","sal_prag",1.26229600686262,1.13017478464648,64.3045344308279
"97122","move","literal",2.27896998278121,NA,51.6796364079768
"97122","move","pragmatic",0.330462392421283,0.889437620501056,77.2591232888256
"97122","uncover","sal_prag",1.12960984068803,1.31651194093118,66.2205609814584
"97122","uncover","literal",2.27896998278121,NA,51.4264855458848
"97122","uncover","pragmatic",0.895698335768008,0.5233383421275,73.5269213084715
"97388","clear","sal_prag",-0.137908107895371,0.249698157305978,47.453596866499
"97388","clear","literal",50.5082602717873,NA,31.8508882859012
"97388","clear","pragmatic",0.885208106565899,0.597962306289939,49.8994691591064
"97388","cover","sal_prag",-33.6824342496739,178.663259492618,77.4717404573012
"97388","cover","literal",50.5082602717873,NA,52.1558226191643
"97388","cover","pragmatic",1.82551482177365,54.3251899684025,72.9329507515326
"97388","fill","sal_prag",0.425451152730595,0.756718845396442,74.0217099432163
"97388","fill","literal",50.5082602717873,NA,46.8901605568053
"97388","fill","pragmatic",0.538402379984999,0.409542242480725,75.8479719447376
"97388","move","sal_prag",1.22335786552567,0.97261523196822,79.6385313544066
"97388","move","literal",50.5082602717873,NA,55.2106731658196
"97388","move","pragmatic",0.217301323708727,0.915225205193517,89.4442973980072
"97388","uncover","sal_prag",-0.097563995399741,0.331721111238686,49.4092302078612
"97388","uncover","literal",50.5082602717873,NA,28.1271134559367
"97388","uncover","pragmatic",0.472584045961717,0.129009658746018,50.9676958627967
"97778","clear","sal_prag",-1.66471635577033,-5.9034165965386e-11,32.7098175373755
"97778","clear","literal",42.2072696745834,NA,22.9453354542797
"97778","clear","pragmatic",0.169096208606471,0.764529182482903,38.9565954515522
"97778","cover","sal_prag",1.23916643124052,1.20207269407189,40.924046620682
"97778","cover","literal",42.2072696745834,NA,69.5676491125682
"97778","cover","pragmatic",0.352924609080105,0.0806030980167563,44.4348448250627
"97778","fill","sal_prag",0.00577830147599362,0.452307495443362,69.4851186607078
"97778","fill","literal",42.2072696745834,NA,44.2583680962084
"97778","fill","pragmatic",0.698489630116935,0.0764397002978345,71.2190756841249
"97778","move","sal_prag",0.778874074925343,0.739979782982787,63.9521102529081
"97778","move","literal",42.2072696745834,NA,38.1045988700855
"97778","move","pragmatic",0.446478784867925,0.300252393588109,66.5186383806582
"97778","uncover","sal_prag",0.641811998096768,0.636040028293018,63.8501437874056
"97778","uncover","literal",42.2072696745834,NA,36.5205969930269
"97778","uncover","pragmatic",0.191157890756576,0.395321765525248,67.6073998548655
"98763","clear","sal_prag",1.92947816024082,1.80118543852855,53.0786286377576
"98763","clear","literal",41.7373885423605,NA,35.0289421162492
"98763","clear","pragmatic",0.793088732456628,0.200264572831071,55.8699079540506
"98763","cover","sal_prag",0.897825993339018,1.32073659727873,73.4526096891453
"98763","cover","literal",41.7373885423605,NA,46.2940669722383
"98763","cover","pragmatic",0.906304456483912,0.385359143432143,77.5593871766908
"98763","fill","sal_prag",0.689898982076315,0.736879278712826,84.8618924209906
"98763","fill","literal",41.7373885423605,NA,53.7053084732936
"98763","fill","pragmatic",0.379528110103405,0.125081187410235,87.7974055072716
"98763","move","sal_prag",1.33682384925969,0.914291647529008,93.0043330737873
"98763","move","literal",41.7373885423605,NA,273.345216699902
"98763","move","pragmatic",0.312386444996076,0.00725010140035295,101.696823229488
"98763","uncover","sal_prag",-0.0604895785454907,0.315224251490115,122.051894483935
"98763","uncover","literal",41.7373885423605,NA,530.549254793046
"98763","uncover","pragmatic",0.880115252048462,0.832288550247618,123.267136406752
"99977","clear","sal_prag",-0.0782706736378195,0.247683124181333,42.7463421391654
"99977","clear","literal",38.673426689714,NA,27.916392424621
"99977","clear","pragmatic",0.885603562294393,0.656973388690885,43.7113097525112
"99977","cover","sal_prag",1.07306639650592,0.915839717865281,73.5289054905777
"99977","cover","literal",38.673426689714,NA,130.977668062952
"99977","cover","pragmatic",1.02644410740195,0.909935033256923,87.736050960254
"99977","fill","sal_prag",0.244990527375198,0.644821365048677,79.0541694719897
"99977","fill","literal",38.673426689714,NA,48.5520532203941
"99977","fill","pragmatic",0.776841214973357,0.139283584459851,81.0637021165328
"99977","move","sal_prag",1.18978892646506,1.18535846392356,112.367935802369
"99977","move","literal",38.673426689714,NA,262.826441769382
"99977","move","pragmatic",0.688467940306164,147.214392592934,111.055514007986
"99977","uncover","sal_prag",2.10156255965187,3.21530237791164,53.3929933615832
"99977","uncover","literal",38.673426689714,NA,36.3382754362329
"99977","uncover","pragmatic",2.08365571058405,1.41747458413988,66.8002037659705
